forecast_run_id,sku_id,forecast_date,forecast_qty,model_name,data_status
FR-SKU001-20260805,SKU001,2026-08-06,25,Seasonal Naive (7-day),synthetic
FR-SKU001-20260805,SKU001,2026-08-07,25,Seasonal Naive (7-day),synthetic
FR-SKU001-20260805,SKU001,2026-08-08,24,Seasonal Naive (7-day),synthetic
FR-SKU001-20260805,SKU001,2026-08-09,29,Seasonal Naive (7-day),synthetic
FR-SKU001-20260805,SKU001,2026-08-10,24,Seasonal Naive (7-day),synthetic
FR-SKU001-20260805,SKU001,2026-08-11,26,Seasonal Naive (7-day),synthetic
FR-SKU001-20260805,SKU001,2026-08-12,26,Seasonal Naive (7-day),synthetic
FR-SKU001-20260805,SKU001,2026-08-13,25,Seasonal Naive (7-day),synthetic
FR-SKU001-20260805,SKU001,2026-08-14,25,Seasonal Naive (7-day),synthetic
FR-SKU001-20260805,SKU001,2026-08-15,24,Seasonal Naive (7-day),synthetic
FR-SKU001-20260805,SKU001,2026-08-16,29,Seasonal Naive (7-day),synthetic
FR-SKU001-20260805,SKU001,2026-08-17,24,Seasonal Naive (7-day),synthetic
FR-SKU001-20260805,SKU001,2026-08-18,26,Seasonal Naive (7-day),synthetic
FR-SKU001-20260805,SKU001,2026-08-19,26,Seasonal Naive (7-day),synthetic
FR-SKU001-20260805,SKU001,2026-08-20,25,Seasonal Naive (7-day),synthetic
FR-SKU001-20260805,SKU001,2026-08-21,25,Seasonal Naive (7-day),synthetic
FR-SKU001-20260805,SKU001,2026-08-22,24,Seasonal Naive (7-day),synthetic
FR-SKU001-20260805,SKU001,2026-08-23,29,Seasonal Naive (7-day),synthetic
FR-SKU001-20260805,SKU001,2026-08-24,24,Seasonal Naive (7-day),synthetic
FR-SKU001-20260805,SKU001,2026-08-25,26,Seasonal Naive (7-day),synthetic
FR-SKU001-20260805,SKU001,2026-08-26,26,Seasonal Naive (7-day),synthetic
FR-SKU001-20260805,SKU001,2026-08-27,25,Seasonal Naive (7-day),synthetic
FR-SKU001-20260805,SKU001,2026-08-28,25,Seasonal Naive (7-day),synthetic
FR-SKU001-20260805,SKU001,2026-08-29,24,Seasonal Naive (7-day),synthetic
FR-SKU001-20260805,SKU001,2026-08-30,29,Seasonal Naive (7-day),synthetic
FR-SKU001-20260805,SKU001,2026-08-31,24,Seasonal Naive (7-day),synthetic
FR-SKU001-20260805,SKU001,2026-09-01,26,Seasonal Naive (7-day),synthetic
FR-SKU001-20260805,SKU001,2026-09-02,26,Seasonal Naive (7-day),synthetic
FR-SKU001-20260805,SKU001,2026-09-03,25,Seasonal Naive (7-day),synthetic
FR-SKU001-20260805,SKU001,2026-09-04,25,Seasonal Naive (7-day),synthetic
FR-SKU002-20260805,SKU002,2026-08-06,37,Seasonal Naive (7-day),synthetic
FR-SKU002-20260805,SKU002,2026-08-07,42,Seasonal Naive (7-day),synthetic
FR-SKU002-20260805,SKU002,2026-08-08,43,Seasonal Naive (7-day),synthetic
FR-SKU002-20260805,SKU002,2026-08-09,46,Seasonal Naive (7-day),synthetic
FR-SKU002-20260805,SKU002,2026-08-10,32,Seasonal Naive (7-day),synthetic
FR-SKU002-20260805,SKU002,2026-08-11,42,Seasonal Naive (7-day),synthetic
FR-SKU002-20260805,SKU002,2026-08-12,37,Seasonal Naive (7-day),synthetic
FR-SKU002-20260805,SKU002,2026-08-13,37,Seasonal Naive (7-day),synthetic
FR-SKU002-20260805,SKU002,2026-08-14,42,Seasonal Naive (7-day),synthetic
FR-SKU002-20260805,SKU002,2026-08-15,43,Seasonal Naive (7-day),synthetic
FR-SKU002-20260805,SKU002,2026-08-16,46,Seasonal Naive (7-day),synthetic
FR-SKU002-20260805,SKU002,2026-08-17,32,Seasonal Naive (7-day),synthetic
FR-SKU002-20260805,SKU002,2026-08-18,42,Seasonal Naive (7-day),synthetic
FR-SKU002-20260805,SKU002,2026-08-19,37,Seasonal Naive (7-day),synthetic
FR-SKU002-20260805,SKU002,2026-08-20,37,Seasonal Naive (7-day),synthetic
FR-SKU002-20260805,SKU002,2026-08-21,42,Seasonal Naive (7-day),synthetic
FR-SKU002-20260805,SKU002,2026-08-22,43,Seasonal Naive (7-day),synthetic
FR-SKU002-20260805,SKU002,2026-08-23,46,Seasonal Naive (7-day),synthetic
FR-SKU002-20260805,SKU002,2026-08-24,32,Seasonal Naive (7-day),synthetic
FR-SKU002-20260805,SKU002,2026-08-25,42,Seasonal Naive (7-day),synthetic
FR-SKU002-20260805,SKU002,2026-08-26,37,Seasonal Naive (7-day),synthetic
FR-SKU002-20260805,SKU002,2026-08-27,37,Seasonal Naive (7-day),synthetic
FR-SKU002-20260805,SKU002,2026-08-28,42,Seasonal Naive (7-day),synthetic
FR-SKU002-20260805,SKU002,2026-08-29,43,Seasonal Naive (7-day),synthetic
FR-SKU002-20260805,SKU002,2026-08-30,46,Seasonal Naive (7-day),synthetic
FR-SKU002-20260805,SKU002,2026-08-31,32,Seasonal Naive (7-day),synthetic
FR-SKU002-20260805,SKU002,2026-09-01,42,Seasonal Naive (7-day),synthetic
FR-SKU002-20260805,SKU002,2026-09-02,37,Seasonal Naive (7-day),synthetic
FR-SKU002-20260805,SKU002,2026-09-03,37,Seasonal Naive (7-day),synthetic
FR-SKU002-20260805,SKU002,2026-09-04,42,Seasonal Naive (7-day),synthetic
FR-SKU003-20260805,SKU003,2026-08-06,70,Seasonal Naive (7-day),synthetic
FR-SKU003-20260805,SKU003,2026-08-07,99,Seasonal Naive (7-day),synthetic
FR-SKU003-20260805,SKU003,2026-08-08,87,Seasonal Naive (7-day),synthetic
FR-SKU003-20260805,SKU003,2026-08-09,65,Seasonal Naive (7-day),synthetic
FR-SKU003-20260805,SKU003,2026-08-10,57,Seasonal Naive (7-day),synthetic
FR-SKU003-20260805,SKU003,2026-08-11,51,Seasonal Naive (7-day),synthetic
FR-SKU003-20260805,SKU003,2026-08-12,50,Seasonal Naive (7-day),synthetic
FR-SKU003-20260805,SKU003,2026-08-13,70,Seasonal Naive (7-day),synthetic
FR-SKU003-20260805,SKU003,2026-08-14,99,Seasonal Naive (7-day),synthetic
FR-SKU003-20260805,SKU003,2026-08-15,87,Seasonal Naive (7-day),synthetic
FR-SKU003-20260805,SKU003,2026-08-16,65,Seasonal Naive (7-day),synthetic
FR-SKU003-20260805,SKU003,2026-08-17,57,Seasonal Naive (7-day),synthetic
FR-SKU003-20260805,SKU003,2026-08-18,51,Seasonal Naive (7-day),synthetic
FR-SKU003-20260805,SKU003,2026-08-19,50,Seasonal Naive (7-day),synthetic
FR-SKU003-20260805,SKU003,2026-08-20,70,Seasonal Naive (7-day),synthetic
FR-SKU003-20260805,SKU003,2026-08-21,99,Seasonal Naive (7-day),synthetic
FR-SKU003-20260805,SKU003,2026-08-22,87,Seasonal Naive (7-day),synthetic
FR-SKU003-20260805,SKU003,2026-08-23,65,Seasonal Naive (7-day),synthetic
FR-SKU003-20260805,SKU003,2026-08-24,57,Seasonal Naive (7-day),synthetic
FR-SKU003-20260805,SKU003,2026-08-25,51,Seasonal Naive (7-day),synthetic
FR-SKU003-20260805,SKU003,2026-08-26,50,Seasonal Naive (7-day),synthetic
FR-SKU003-20260805,SKU003,2026-08-27,70,Seasonal Naive (7-day),synthetic
FR-SKU003-20260805,SKU003,2026-08-28,99,Seasonal Naive (7-day),synthetic
FR-SKU003-20260805,SKU003,2026-08-29,87,Seasonal Naive (7-day),synthetic
FR-SKU003-20260805,SKU003,2026-08-30,65,Seasonal Naive (7-day),synthetic
FR-SKU003-20260805,SKU003,2026-08-31,57,Seasonal Naive (7-day),synthetic
FR-SKU003-20260805,SKU003,2026-09-01,51,Seasonal Naive (7-day),synthetic
FR-SKU003-20260805,SKU003,2026-09-02,50,Seasonal Naive (7-day),synthetic
FR-SKU003-20260805,SKU003,2026-09-03,70,Seasonal Naive (7-day),synthetic
FR-SKU003-20260805,SKU003,2026-09-04,99,Seasonal Naive (7-day),synthetic
FR-SKU004-20260805,SKU004,2026-08-06,55,Seasonal Naive (7-day),synthetic
FR-SKU004-20260805,SKU004,2026-08-07,63,Seasonal Naive (7-day),synthetic
FR-SKU004-20260805,SKU004,2026-08-08,63,Seasonal Naive (7-day),synthetic
FR-SKU004-20260805,SKU004,2026-08-09,61,Seasonal Naive (7-day),synthetic
FR-SKU004-20260805,SKU004,2026-08-10,61,Seasonal Naive (7-day),synthetic
FR-SKU004-20260805,SKU004,2026-08-11,59,Seasonal Naive (7-day),synthetic
FR-SKU004-20260805,SKU004,2026-08-12,58,Seasonal Naive (7-day),synthetic
FR-SKU004-20260805,SKU004,2026-08-13,55,Seasonal Naive (7-day),synthetic
FR-SKU004-20260805,SKU004,2026-08-14,63,Seasonal Naive (7-day),synthetic
FR-SKU004-20260805,SKU004,2026-08-15,63,Seasonal Naive (7-day),synthetic
FR-SKU004-20260805,SKU004,2026-08-16,61,Seasonal Naive (7-day),synthetic
FR-SKU004-20260805,SKU004,2026-08-17,61,Seasonal Naive (7-day),synthetic
FR-SKU004-20260805,SKU004,2026-08-18,59,Seasonal Naive (7-day),synthetic
FR-SKU004-20260805,SKU004,2026-08-19,58,Seasonal Naive (7-day),synthetic
FR-SKU004-20260805,SKU004,2026-08-20,55,Seasonal Naive (7-day),synthetic
FR-SKU004-20260805,SKU004,2026-08-21,63,Seasonal Naive (7-day),synthetic
FR-SKU004-20260805,SKU004,2026-08-22,63,Seasonal Naive (7-day),synthetic
FR-SKU004-20260805,SKU004,2026-08-23,61,Seasonal Naive (7-day),synthetic
FR-SKU004-20260805,SKU004,2026-08-24,61,Seasonal Naive (7-day),synthetic
FR-SKU004-20260805,SKU004,2026-08-25,59,Seasonal Naive (7-day),synthetic
FR-SKU004-20260805,SKU004,2026-08-26,58,Seasonal Naive (7-day),synthetic
FR-SKU004-20260805,SKU004,2026-08-27,55,Seasonal Naive (7-day),synthetic
FR-SKU004-20260805,SKU004,2026-08-28,63,Seasonal Naive (7-day),synthetic
FR-SKU004-20260805,SKU004,2026-08-29,63,Seasonal Naive (7-day),synthetic
FR-SKU004-20260805,SKU004,2026-08-30,61,Seasonal Naive (7-day),synthetic
FR-SKU004-20260805,SKU004,2026-08-31,61,Seasonal Naive (7-day),synthetic
FR-SKU004-20260805,SKU004,2026-09-01,59,Seasonal Naive (7-day),synthetic
FR-SKU004-20260805,SKU004,2026-09-02,58,Seasonal Naive (7-day),synthetic
FR-SKU004-20260805,SKU004,2026-09-03,55,Seasonal Naive (7-day),synthetic
FR-SKU004-20260805,SKU004,2026-09-04,63,Seasonal Naive (7-day),synthetic
FR-SKU005-20260805,SKU005,2026-08-06,60,Seasonal Naive (7-day),synthetic
FR-SKU005-20260805,SKU005,2026-08-07,62,Seasonal Naive (7-day),synthetic
FR-SKU005-20260805,SKU005,2026-08-08,59,Seasonal Naive (7-day),synthetic
FR-SKU005-20260805,SKU005,2026-08-09,59,Seasonal Naive (7-day),synthetic
FR-SKU005-20260805,SKU005,2026-08-10,44,Seasonal Naive (7-day),synthetic
FR-SKU005-20260805,SKU005,2026-08-11,50,Seasonal Naive (7-day),synthetic
FR-SKU005-20260805,SKU005,2026-08-12,67,Seasonal Naive (7-day),synthetic
FR-SKU005-20260805,SKU005,2026-08-13,60,Seasonal Naive (7-day),synthetic
FR-SKU005-20260805,SKU005,2026-08-14,62,Seasonal Naive (7-day),synthetic
FR-SKU005-20260805,SKU005,2026-08-15,59,Seasonal Naive (7-day),synthetic
FR-SKU005-20260805,SKU005,2026-08-16,59,Seasonal Naive (7-day),synthetic
FR-SKU005-20260805,SKU005,2026-08-17,44,Seasonal Naive (7-day),synthetic
FR-SKU005-20260805,SKU005,2026-08-18,50,Seasonal Naive (7-day),synthetic
FR-SKU005-20260805,SKU005,2026-08-19,67,Seasonal Naive (7-day),synthetic
FR-SKU005-20260805,SKU005,2026-08-20,60,Seasonal Naive (7-day),synthetic
FR-SKU005-20260805,SKU005,2026-08-21,62,Seasonal Naive (7-day),synthetic
FR-SKU005-20260805,SKU005,2026-08-22,59,Seasonal Naive (7-day),synthetic
FR-SKU005-20260805,SKU005,2026-08-23,59,Seasonal Naive (7-day),synthetic
FR-SKU005-20260805,SKU005,2026-08-24,44,Seasonal Naive (7-day),synthetic
FR-SKU005-20260805,SKU005,2026-08-25,50,Seasonal Naive (7-day),synthetic
FR-SKU005-20260805,SKU005,2026-08-26,67,Seasonal Naive (7-day),synthetic
FR-SKU005-20260805,SKU005,2026-08-27,60,Seasonal Naive (7-day),synthetic
FR-SKU005-20260805,SKU005,2026-08-28,62,Seasonal Naive (7-day),synthetic
FR-SKU005-20260805,SKU005,2026-08-29,59,Seasonal Naive (7-day),synthetic
FR-SKU005-20260805,SKU005,2026-08-30,59,Seasonal Naive (7-day),synthetic
FR-SKU005-20260805,SKU005,2026-08-31,44,Seasonal Naive (7-day),synthetic
FR-SKU005-20260805,SKU005,2026-09-01,50,Seasonal Naive (7-day),synthetic
FR-SKU005-20260805,SKU005,2026-09-02,67,Seasonal Naive (7-day),synthetic
FR-SKU005-20260805,SKU005,2026-09-03,60,Seasonal Naive (7-day),synthetic
FR-SKU005-20260805,SKU005,2026-09-04,62,Seasonal Naive (7-day),synthetic
FR-SKU006-20260805,SKU006,2026-08-06,46,Seasonal Naive (7-day),synthetic
FR-SKU006-20260805,SKU006,2026-08-07,52,Seasonal Naive (7-day),synthetic
FR-SKU006-20260805,SKU006,2026-08-08,52,Seasonal Naive (7-day),synthetic
FR-SKU006-20260805,SKU006,2026-08-09,57,Seasonal Naive (7-day),synthetic
FR-SKU006-20260805,SKU006,2026-08-10,50,Seasonal Naive (7-day),synthetic
FR-SKU006-20260805,SKU006,2026-08-11,71,Seasonal Naive (7-day),synthetic
FR-SKU006-20260805,SKU006,2026-08-12,45,Seasonal Naive (7-day),synthetic
FR-SKU006-20260805,SKU006,2026-08-13,46,Seasonal Naive (7-day),synthetic
FR-SKU006-20260805,SKU006,2026-08-14,52,Seasonal Naive (7-day),synthetic
FR-SKU006-20260805,SKU006,2026-08-15,52,Seasonal Naive (7-day),synthetic
FR-SKU006-20260805,SKU006,2026-08-16,57,Seasonal Naive (7-day),synthetic
FR-SKU006-20260805,SKU006,2026-08-17,50,Seasonal Naive (7-day),synthetic
FR-SKU006-20260805,SKU006,2026-08-18,71,Seasonal Naive (7-day),synthetic
FR-SKU006-20260805,SKU006,2026-08-19,45,Seasonal Naive (7-day),synthetic
FR-SKU006-20260805,SKU006,2026-08-20,46,Seasonal Naive (7-day),synthetic
FR-SKU006-20260805,SKU006,2026-08-21,52,Seasonal Naive (7-day),synthetic
FR-SKU006-20260805,SKU006,2026-08-22,52,Seasonal Naive (7-day),synthetic
FR-SKU006-20260805,SKU006,2026-08-23,57,Seasonal Naive (7-day),synthetic
FR-SKU006-20260805,SKU006,2026-08-24,50,Seasonal Naive (7-day),synthetic
FR-SKU006-20260805,SKU006,2026-08-25,71,Seasonal Naive (7-day),synthetic
FR-SKU006-20260805,SKU006,2026-08-26,45,Seasonal Naive (7-day),synthetic
FR-SKU006-20260805,SKU006,2026-08-27,46,Seasonal Naive (7-day),synthetic
FR-SKU006-20260805,SKU006,2026-08-28,52,Seasonal Naive (7-day),synthetic
FR-SKU006-20260805,SKU006,2026-08-29,52,Seasonal Naive (7-day),synthetic
FR-SKU006-20260805,SKU006,2026-08-30,57,Seasonal Naive (7-day),synthetic
FR-SKU006-20260805,SKU006,2026-08-31,50,Seasonal Naive (7-day),synthetic
FR-SKU006-20260805,SKU006,2026-09-01,71,Seasonal Naive (7-day),synthetic
FR-SKU006-20260805,SKU006,2026-09-02,45,Seasonal Naive (7-day),synthetic
FR-SKU006-20260805,SKU006,2026-09-03,46,Seasonal Naive (7-day),synthetic
FR-SKU006-20260805,SKU006,2026-09-04,52,Seasonal Naive (7-day),synthetic
FR-SKU007-20260805,SKU007,2026-08-06,21,Seasonal Naive (7-day),synthetic
FR-SKU007-20260805,SKU007,2026-08-07,20,Seasonal Naive (7-day),synthetic
FR-SKU007-20260805,SKU007,2026-08-08,20,Seasonal Naive (7-day),synthetic
FR-SKU007-20260805,SKU007,2026-08-09,22,Seasonal Naive (7-day),synthetic
FR-SKU007-20260805,SKU007,2026-08-10,18,Seasonal Naive (7-day),synthetic
FR-SKU007-20260805,SKU007,2026-08-11,19,Seasonal Naive (7-day),synthetic
FR-SKU007-20260805,SKU007,2026-08-12,18,Seasonal Naive (7-day),synthetic
FR-SKU007-20260805,SKU007,2026-08-13,21,Seasonal Naive (7-day),synthetic
FR-SKU007-20260805,SKU007,2026-08-14,20,Seasonal Naive (7-day),synthetic
FR-SKU007-20260805,SKU007,2026-08-15,20,Seasonal Naive (7-day),synthetic
FR-SKU007-20260805,SKU007,2026-08-16,22,Seasonal Naive (7-day),synthetic
FR-SKU007-20260805,SKU007,2026-08-17,18,Seasonal Naive (7-day),synthetic
FR-SKU007-20260805,SKU007,2026-08-18,19,Seasonal Naive (7-day),synthetic
FR-SKU007-20260805,SKU007,2026-08-19,18,Seasonal Naive (7-day),synthetic
FR-SKU007-20260805,SKU007,2026-08-20,21,Seasonal Naive (7-day),synthetic
FR-SKU007-20260805,SKU007,2026-08-21,20,Seasonal Naive (7-day),synthetic
FR-SKU007-20260805,SKU007,2026-08-22,20,Seasonal Naive (7-day),synthetic
FR-SKU007-20260805,SKU007,2026-08-23,22,Seasonal Naive (7-day),synthetic
FR-SKU007-20260805,SKU007,2026-08-24,18,Seasonal Naive (7-day),synthetic
FR-SKU007-20260805,SKU007,2026-08-25,19,Seasonal Naive (7-day),synthetic
FR-SKU007-20260805,SKU007,2026-08-26,18,Seasonal Naive (7-day),synthetic
FR-SKU007-20260805,SKU007,2026-08-27,21,Seasonal Naive (7-day),synthetic
FR-SKU007-20260805,SKU007,2026-08-28,20,Seasonal Naive (7-day),synthetic
FR-SKU007-20260805,SKU007,2026-08-29,20,Seasonal Naive (7-day),synthetic
FR-SKU007-20260805,SKU007,2026-08-30,22,Seasonal Naive (7-day),synthetic
FR-SKU007-20260805,SKU007,2026-08-31,18,Seasonal Naive (7-day),synthetic
FR-SKU007-20260805,SKU007,2026-09-01,19,Seasonal Naive (7-day),synthetic
FR-SKU007-20260805,SKU007,2026-09-02,18,Seasonal Naive (7-day),synthetic
FR-SKU007-20260805,SKU007,2026-09-03,21,Seasonal Naive (7-day),synthetic
FR-SKU007-20260805,SKU007,2026-09-04,20,Seasonal Naive (7-day),synthetic
FR-SKU008-20260805,SKU008,2026-08-06,69,Seasonal Naive (7-day),synthetic
FR-SKU008-20260805,SKU008,2026-08-07,86,Seasonal Naive (7-day),synthetic
FR-SKU008-20260805,SKU008,2026-08-08,96,Seasonal Naive (7-day),synthetic
FR-SKU008-20260805,SKU008,2026-08-09,65,Seasonal Naive (7-day),synthetic
FR-SKU008-20260805,SKU008,2026-08-10,67,Seasonal Naive (7-day),synthetic
FR-SKU008-20260805,SKU008,2026-08-11,61,Seasonal Naive (7-day),synthetic
FR-SKU008-20260805,SKU008,2026-08-12,71,Seasonal Naive (7-day),synthetic
FR-SKU008-20260805,SKU008,2026-08-13,69,Seasonal Naive (7-day),synthetic
FR-SKU008-20260805,SKU008,2026-08-14,86,Seasonal Naive (7-day),synthetic
FR-SKU008-20260805,SKU008,2026-08-15,96,Seasonal Naive (7-day),synthetic
FR-SKU008-20260805,SKU008,2026-08-16,65,Seasonal Naive (7-day),synthetic
FR-SKU008-20260805,SKU008,2026-08-17,67,Seasonal Naive (7-day),synthetic
FR-SKU008-20260805,SKU008,2026-08-18,61,Seasonal Naive (7-day),synthetic
FR-SKU008-20260805,SKU008,2026-08-19,71,Seasonal Naive (7-day),synthetic
FR-SKU008-20260805,SKU008,2026-08-20,69,Seasonal Naive (7-day),synthetic
FR-SKU008-20260805,SKU008,2026-08-21,86,Seasonal Naive (7-day),synthetic
FR-SKU008-20260805,SKU008,2026-08-22,96,Seasonal Naive (7-day),synthetic
FR-SKU008-20260805,SKU008,2026-08-23,65,Seasonal Naive (7-day),synthetic
FR-SKU008-20260805,SKU008,2026-08-24,67,Seasonal Naive (7-day),synthetic
FR-SKU008-20260805,SKU008,2026-08-25,61,Seasonal Naive (7-day),synthetic
FR-SKU008-20260805,SKU008,2026-08-26,71,Seasonal Naive (7-day),synthetic
FR-SKU008-20260805,SKU008,2026-08-27,69,Seasonal Naive (7-day),synthetic
FR-SKU008-20260805,SKU008,2026-08-28,86,Seasonal Naive (7-day),synthetic
FR-SKU008-20260805,SKU008,2026-08-29,96,Seasonal Naive (7-day),synthetic
FR-SKU008-20260805,SKU008,2026-08-30,65,Seasonal Naive (7-day),synthetic
FR-SKU008-20260805,SKU008,2026-08-31,67,Seasonal Naive (7-day),synthetic
FR-SKU008-20260805,SKU008,2026-09-01,61,Seasonal Naive (7-day),synthetic
FR-SKU008-20260805,SKU008,2026-09-02,71,Seasonal Naive (7-day),synthetic
FR-SKU008-20260805,SKU008,2026-09-03,69,Seasonal Naive (7-day),synthetic
FR-SKU008-20260805,SKU008,2026-09-04,86,Seasonal Naive (7-day),synthetic
FR-SKU009-20260805,SKU009,2026-08-06,38,Seasonal Naive (7-day),synthetic
FR-SKU009-20260805,SKU009,2026-08-07,32,Seasonal Naive (7-day),synthetic
FR-SKU009-20260805,SKU009,2026-08-08,35,Seasonal Naive (7-day),synthetic
FR-SKU009-20260805,SKU009,2026-08-09,53,Seasonal Naive (7-day),synthetic
FR-SKU009-20260805,SKU009,2026-08-10,37,Seasonal Naive (7-day),synthetic
FR-SKU009-20260805,SKU009,2026-08-11,39,Seasonal Naive (7-day),synthetic
FR-SKU009-20260805,SKU009,2026-08-12,33,Seasonal Naive (7-day),synthetic
FR-SKU009-20260805,SKU009,2026-08-13,38,Seasonal Naive (7-day),synthetic
FR-SKU009-20260805,SKU009,2026-08-14,32,Seasonal Naive (7-day),synthetic
FR-SKU009-20260805,SKU009,2026-08-15,35,Seasonal Naive (7-day),synthetic
FR-SKU009-20260805,SKU009,2026-08-16,53,Seasonal Naive (7-day),synthetic
FR-SKU009-20260805,SKU009,2026-08-17,37,Seasonal Naive (7-day),synthetic
FR-SKU009-20260805,SKU009,2026-08-18,39,Seasonal Naive (7-day),synthetic
FR-SKU009-20260805,SKU009,2026-08-19,33,Seasonal Naive (7-day),synthetic
FR-SKU009-20260805,SKU009,2026-08-20,38,Seasonal Naive (7-day),synthetic
FR-SKU009-20260805,SKU009,2026-08-21,32,Seasonal Naive (7-day),synthetic
FR-SKU009-20260805,SKU009,2026-08-22,35,Seasonal Naive (7-day),synthetic
FR-SKU009-20260805,SKU009,2026-08-23,53,Seasonal Naive (7-day),synthetic
FR-SKU009-20260805,SKU009,2026-08-24,37,Seasonal Naive (7-day),synthetic
FR-SKU009-20260805,SKU009,2026-08-25,39,Seasonal Naive (7-day),synthetic
FR-SKU009-20260805,SKU009,2026-08-26,33,Seasonal Naive (7-day),synthetic
FR-SKU009-20260805,SKU009,2026-08-27,38,Seasonal Naive (7-day),synthetic
FR-SKU009-20260805,SKU009,2026-08-28,32,Seasonal Naive (7-day),synthetic
FR-SKU009-20260805,SKU009,2026-08-29,35,Seasonal Naive (7-day),synthetic
FR-SKU009-20260805,SKU009,2026-08-30,53,Seasonal Naive (7-day),synthetic
FR-SKU009-20260805,SKU009,2026-08-31,37,Seasonal Naive (7-day),synthetic
FR-SKU009-20260805,SKU009,2026-09-01,39,Seasonal Naive (7-day),synthetic
FR-SKU009-20260805,SKU009,2026-09-02,33,Seasonal Naive (7-day),synthetic
FR-SKU009-20260805,SKU009,2026-09-03,38,Seasonal Naive (7-day),synthetic
FR-SKU009-20260805,SKU009,2026-09-04,32,Seasonal Naive (7-day),synthetic
FR-SKU010-20260805,SKU010,2026-08-06,20,Seasonal Naive (7-day),synthetic
FR-SKU010-20260805,SKU010,2026-08-07,17,Seasonal Naive (7-day),synthetic
FR-SKU010-20260805,SKU010,2026-08-08,27,Seasonal Naive (7-day),synthetic
FR-SKU010-20260805,SKU010,2026-08-09,19,Seasonal Naive (7-day),synthetic
FR-SKU010-20260805,SKU010,2026-08-10,20,Seasonal Naive (7-day),synthetic
FR-SKU010-20260805,SKU010,2026-08-11,20,Seasonal Naive (7-day),synthetic
FR-SKU010-20260805,SKU010,2026-08-12,18,Seasonal Naive (7-day),synthetic
FR-SKU010-20260805,SKU010,2026-08-13,20,Seasonal Naive (7-day),synthetic
FR-SKU010-20260805,SKU010,2026-08-14,17,Seasonal Naive (7-day),synthetic
FR-SKU010-20260805,SKU010,2026-08-15,27,Seasonal Naive (7-day),synthetic
FR-SKU010-20260805,SKU010,2026-08-16,19,Seasonal Naive (7-day),synthetic
FR-SKU010-20260805,SKU010,2026-08-17,20,Seasonal Naive (7-day),synthetic
FR-SKU010-20260805,SKU010,2026-08-18,20,Seasonal Naive (7-day),synthetic
FR-SKU010-20260805,SKU010,2026-08-19,18,Seasonal Naive (7-day),synthetic
FR-SKU010-20260805,SKU010,2026-08-20,20,Seasonal Naive (7-day),synthetic
FR-SKU010-20260805,SKU010,2026-08-21,17,Seasonal Naive (7-day),synthetic
FR-SKU010-20260805,SKU010,2026-08-22,27,Seasonal Naive (7-day),synthetic
FR-SKU010-20260805,SKU010,2026-08-23,19,Seasonal Naive (7-day),synthetic
FR-SKU010-20260805,SKU010,2026-08-24,20,Seasonal Naive (7-day),synthetic
FR-SKU010-20260805,SKU010,2026-08-25,20,Seasonal Naive (7-day),synthetic
FR-SKU010-20260805,SKU010,2026-08-26,18,Seasonal Naive (7-day),synthetic
FR-SKU010-20260805,SKU010,2026-08-27,20,Seasonal Naive (7-day),synthetic
FR-SKU010-20260805,SKU010,2026-08-28,17,Seasonal Naive (7-day),synthetic
FR-SKU010-20260805,SKU010,2026-08-29,27,Seasonal Naive (7-day),synthetic
FR-SKU010-20260805,SKU010,2026-08-30,19,Seasonal Naive (7-day),synthetic
FR-SKU010-20260805,SKU010,2026-08-31,20,Seasonal Naive (7-day),synthetic
FR-SKU010-20260805,SKU010,2026-09-01,20,Seasonal Naive (7-day),synthetic
FR-SKU010-20260805,SKU010,2026-09-02,18,Seasonal Naive (7-day),synthetic
FR-SKU010-20260805,SKU010,2026-09-03,20,Seasonal Naive (7-day),synthetic
FR-SKU010-20260805,SKU010,2026-09-04,17,Seasonal Naive (7-day),synthetic
FR-SKU011-20260805,SKU011,2026-08-06,58,Seasonal Naive (7-day),synthetic
FR-SKU011-20260805,SKU011,2026-08-07,83,Seasonal Naive (7-day),synthetic
FR-SKU011-20260805,SKU011,2026-08-08,61,Seasonal Naive (7-day),synthetic
FR-SKU011-20260805,SKU011,2026-08-09,61,Seasonal Naive (7-day),synthetic
FR-SKU011-20260805,SKU011,2026-08-10,46,Seasonal Naive (7-day),synthetic
FR-SKU011-20260805,SKU011,2026-08-11,58,Seasonal Naive (7-day),synthetic
FR-SKU011-20260805,SKU011,2026-08-12,56,Seasonal Naive (7-day),synthetic
FR-SKU011-20260805,SKU011,2026-08-13,58,Seasonal Naive (7-day),synthetic
FR-SKU011-20260805,SKU011,2026-08-14,83,Seasonal Naive (7-day),synthetic
FR-SKU011-20260805,SKU011,2026-08-15,61,Seasonal Naive (7-day),synthetic
FR-SKU011-20260805,SKU011,2026-08-16,61,Seasonal Naive (7-day),synthetic
FR-SKU011-20260805,SKU011,2026-08-17,46,Seasonal Naive (7-day),synthetic
FR-SKU011-20260805,SKU011,2026-08-18,58,Seasonal Naive (7-day),synthetic
FR-SKU011-20260805,SKU011,2026-08-19,56,Seasonal Naive (7-day),synthetic
FR-SKU011-20260805,SKU011,2026-08-20,58,Seasonal Naive (7-day),synthetic
FR-SKU011-20260805,SKU011,2026-08-21,83,Seasonal Naive (7-day),synthetic
FR-SKU011-20260805,SKU011,2026-08-22,61,Seasonal Naive (7-day),synthetic
FR-SKU011-20260805,SKU011,2026-08-23,61,Seasonal Naive (7-day),synthetic
FR-SKU011-20260805,SKU011,2026-08-24,46,Seasonal Naive (7-day),synthetic
FR-SKU011-20260805,SKU011,2026-08-25,58,Seasonal Naive (7-day),synthetic
FR-SKU011-20260805,SKU011,2026-08-26,56,Seasonal Naive (7-day),synthetic
FR-SKU011-20260805,SKU011,2026-08-27,58,Seasonal Naive (7-day),synthetic
FR-SKU011-20260805,SKU011,2026-08-28,83,Seasonal Naive (7-day),synthetic
FR-SKU011-20260805,SKU011,2026-08-29,61,Seasonal Naive (7-day),synthetic
FR-SKU011-20260805,SKU011,2026-08-30,61,Seasonal Naive (7-day),synthetic
FR-SKU011-20260805,SKU011,2026-08-31,46,Seasonal Naive (7-day),synthetic
FR-SKU011-20260805,SKU011,2026-09-01,58,Seasonal Naive (7-day),synthetic
FR-SKU011-20260805,SKU011,2026-09-02,56,Seasonal Naive (7-day),synthetic
FR-SKU011-20260805,SKU011,2026-09-03,58,Seasonal Naive (7-day),synthetic
FR-SKU011-20260805,SKU011,2026-09-04,83,Seasonal Naive (7-day),synthetic
FR-SKU012-20260805,SKU012,2026-08-06,57,Seasonal Naive (7-day),synthetic
FR-SKU012-20260805,SKU012,2026-08-07,61,Seasonal Naive (7-day),synthetic
FR-SKU012-20260805,SKU012,2026-08-08,47,Seasonal Naive (7-day),synthetic
FR-SKU012-20260805,SKU012,2026-08-09,53,Seasonal Naive (7-day),synthetic
FR-SKU012-20260805,SKU012,2026-08-10,45,Seasonal Naive (7-day),synthetic
FR-SKU012-20260805,SKU012,2026-08-11,53,Seasonal Naive (7-day),synthetic
FR-SKU012-20260805,SKU012,2026-08-12,50,Seasonal Naive (7-day),synthetic
FR-SKU012-20260805,SKU012,2026-08-13,57,Seasonal Naive (7-day),synthetic
FR-SKU012-20260805,SKU012,2026-08-14,61,Seasonal Naive (7-day),synthetic
FR-SKU012-20260805,SKU012,2026-08-15,47,Seasonal Naive (7-day),synthetic
FR-SKU012-20260805,SKU012,2026-08-16,53,Seasonal Naive (7-day),synthetic
FR-SKU012-20260805,SKU012,2026-08-17,45,Seasonal Naive (7-day),synthetic
FR-SKU012-20260805,SKU012,2026-08-18,53,Seasonal Naive (7-day),synthetic
FR-SKU012-20260805,SKU012,2026-08-19,50,Seasonal Naive (7-day),synthetic
FR-SKU012-20260805,SKU012,2026-08-20,57,Seasonal Naive (7-day),synthetic
FR-SKU012-20260805,SKU012,2026-08-21,61,Seasonal Naive (7-day),synthetic
FR-SKU012-20260805,SKU012,2026-08-22,47,Seasonal Naive (7-day),synthetic
FR-SKU012-20260805,SKU012,2026-08-23,53,Seasonal Naive (7-day),synthetic
FR-SKU012-20260805,SKU012,2026-08-24,45,Seasonal Naive (7-day),synthetic
FR-SKU012-20260805,SKU012,2026-08-25,53,Seasonal Naive (7-day),synthetic
FR-SKU012-20260805,SKU012,2026-08-26,50,Seasonal Naive (7-day),synthetic
FR-SKU012-20260805,SKU012,2026-08-27,57,Seasonal Naive (7-day),synthetic
FR-SKU012-20260805,SKU012,2026-08-28,61,Seasonal Naive (7-day),synthetic
FR-SKU012-20260805,SKU012,2026-08-29,47,Seasonal Naive (7-day),synthetic
FR-SKU012-20260805,SKU012,2026-08-30,53,Seasonal Naive (7-day),synthetic
FR-SKU012-20260805,SKU012,2026-08-31,45,Seasonal Naive (7-day),synthetic
FR-SKU012-20260805,SKU012,2026-09-01,53,Seasonal Naive (7-day),synthetic
FR-SKU012-20260805,SKU012,2026-09-02,50,Seasonal Naive (7-day),synthetic
FR-SKU012-20260805,SKU012,2026-09-03,57,Seasonal Naive (7-day),synthetic
FR-SKU012-20260805,SKU012,2026-09-04,61,Seasonal Naive (7-day),synthetic
FR-SKU013-20260805,SKU013,2026-08-06,63,Seasonal Naive (7-day),synthetic
FR-SKU013-20260805,SKU013,2026-08-07,55,Seasonal Naive (7-day),synthetic
FR-SKU013-20260805,SKU013,2026-08-08,56,Seasonal Naive (7-day),synthetic
FR-SKU013-20260805,SKU013,2026-08-09,47,Seasonal Naive (7-day),synthetic
FR-SKU013-20260805,SKU013,2026-08-10,62,Seasonal Naive (7-day),synthetic
FR-SKU013-20260805,SKU013,2026-08-11,57,Seasonal Naive (7-day),synthetic
FR-SKU013-20260805,SKU013,2026-08-12,60,Seasonal Naive (7-day),synthetic
FR-SKU013-20260805,SKU013,2026-08-13,63,Seasonal Naive (7-day),synthetic
FR-SKU013-20260805,SKU013,2026-08-14,55,Seasonal Naive (7-day),synthetic
FR-SKU013-20260805,SKU013,2026-08-15,56,Seasonal Naive (7-day),synthetic
FR-SKU013-20260805,SKU013,2026-08-16,47,Seasonal Naive (7-day),synthetic
FR-SKU013-20260805,SKU013,2026-08-17,62,Seasonal Naive (7-day),synthetic
FR-SKU013-20260805,SKU013,2026-08-18,57,Seasonal Naive (7-day),synthetic
FR-SKU013-20260805,SKU013,2026-08-19,60,Seasonal Naive (7-day),synthetic
FR-SKU013-20260805,SKU013,2026-08-20,63,Seasonal Naive (7-day),synthetic
FR-SKU013-20260805,SKU013,2026-08-21,55,Seasonal Naive (7-day),synthetic
FR-SKU013-20260805,SKU013,2026-08-22,56,Seasonal Naive (7-day),synthetic
FR-SKU013-20260805,SKU013,2026-08-23,47,Seasonal Naive (7-day),synthetic
FR-SKU013-20260805,SKU013,2026-08-24,62,Seasonal Naive (7-day),synthetic
FR-SKU013-20260805,SKU013,2026-08-25,57,Seasonal Naive (7-day),synthetic
FR-SKU013-20260805,SKU013,2026-08-26,60,Seasonal Naive (7-day),synthetic
FR-SKU013-20260805,SKU013,2026-08-27,63,Seasonal Naive (7-day),synthetic
FR-SKU013-20260805,SKU013,2026-08-28,55,Seasonal Naive (7-day),synthetic
FR-SKU013-20260805,SKU013,2026-08-29,56,Seasonal Naive (7-day),synthetic
FR-SKU013-20260805,SKU013,2026-08-30,47,Seasonal Naive (7-day),synthetic
FR-SKU013-20260805,SKU013,2026-08-31,62,Seasonal Naive (7-day),synthetic
FR-SKU013-20260805,SKU013,2026-09-01,57,Seasonal Naive (7-day),synthetic
FR-SKU013-20260805,SKU013,2026-09-02,60,Seasonal Naive (7-day),synthetic
FR-SKU013-20260805,SKU013,2026-09-03,63,Seasonal Naive (7-day),synthetic
FR-SKU013-20260805,SKU013,2026-09-04,55,Seasonal Naive (7-day),synthetic
FR-SKU014-20260805,SKU014,2026-08-06,29,Seasonal Naive (7-day),synthetic
FR-SKU014-20260805,SKU014,2026-08-07,32,Seasonal Naive (7-day),synthetic
FR-SKU014-20260805,SKU014,2026-08-08,30,Seasonal Naive (7-day),synthetic
FR-SKU014-20260805,SKU014,2026-08-09,36,Seasonal Naive (7-day),synthetic
FR-SKU014-20260805,SKU014,2026-08-10,31,Seasonal Naive (7-day),synthetic
FR-SKU014-20260805,SKU014,2026-08-11,29,Seasonal Naive (7-day),synthetic
FR-SKU014-20260805,SKU014,2026-08-12,32,Seasonal Naive (7-day),synthetic
FR-SKU014-20260805,SKU014,2026-08-13,29,Seasonal Naive (7-day),synthetic
FR-SKU014-20260805,SKU014,2026-08-14,32,Seasonal Naive (7-day),synthetic
FR-SKU014-20260805,SKU014,2026-08-15,30,Seasonal Naive (7-day),synthetic
FR-SKU014-20260805,SKU014,2026-08-16,36,Seasonal Naive (7-day),synthetic
FR-SKU014-20260805,SKU014,2026-08-17,31,Seasonal Naive (7-day),synthetic
FR-SKU014-20260805,SKU014,2026-08-18,29,Seasonal Naive (7-day),synthetic
FR-SKU014-20260805,SKU014,2026-08-19,32,Seasonal Naive (7-day),synthetic
FR-SKU014-20260805,SKU014,2026-08-20,29,Seasonal Naive (7-day),synthetic
FR-SKU014-20260805,SKU014,2026-08-21,32,Seasonal Naive (7-day),synthetic
FR-SKU014-20260805,SKU014,2026-08-22,30,Seasonal Naive (7-day),synthetic
FR-SKU014-20260805,SKU014,2026-08-23,36,Seasonal Naive (7-day),synthetic
FR-SKU014-20260805,SKU014,2026-08-24,31,Seasonal Naive (7-day),synthetic
FR-SKU014-20260805,SKU014,2026-08-25,29,Seasonal Naive (7-day),synthetic
FR-SKU014-20260805,SKU014,2026-08-26,32,Seasonal Naive (7-day),synthetic
FR-SKU014-20260805,SKU014,2026-08-27,29,Seasonal Naive (7-day),synthetic
FR-SKU014-20260805,SKU014,2026-08-28,32,Seasonal Naive (7-day),synthetic
FR-SKU014-20260805,SKU014,2026-08-29,30,Seasonal Naive (7-day),synthetic
FR-SKU014-20260805,SKU014,2026-08-30,36,Seasonal Naive (7-day),synthetic
FR-SKU014-20260805,SKU014,2026-08-31,31,Seasonal Naive (7-day),synthetic
FR-SKU014-20260805,SKU014,2026-09-01,29,Seasonal Naive (7-day),synthetic
FR-SKU014-20260805,SKU014,2026-09-02,32,Seasonal Naive (7-day),synthetic
FR-SKU014-20260805,SKU014,2026-09-03,29,Seasonal Naive (7-day),synthetic
FR-SKU014-20260805,SKU014,2026-09-04,32,Seasonal Naive (7-day),synthetic
FR-SKU015-20260805,SKU015,2026-08-06,37,Seasonal Naive (7-day),synthetic
FR-SKU015-20260805,SKU015,2026-08-07,58,Seasonal Naive (7-day),synthetic
FR-SKU015-20260805,SKU015,2026-08-08,49,Seasonal Naive (7-day),synthetic
FR-SKU015-20260805,SKU015,2026-08-09,46,Seasonal Naive (7-day),synthetic
FR-SKU015-20260805,SKU015,2026-08-10,43,Seasonal Naive (7-day),synthetic
FR-SKU015-20260805,SKU015,2026-08-11,48,Seasonal Naive (7-day),synthetic
FR-SKU015-20260805,SKU015,2026-08-12,33,Seasonal Naive (7-day),synthetic
FR-SKU015-20260805,SKU015,2026-08-13,37,Seasonal Naive (7-day),synthetic
FR-SKU015-20260805,SKU015,2026-08-14,58,Seasonal Naive (7-day),synthetic
FR-SKU015-20260805,SKU015,2026-08-15,49,Seasonal Naive (7-day),synthetic
FR-SKU015-20260805,SKU015,2026-08-16,46,Seasonal Naive (7-day),synthetic
FR-SKU015-20260805,SKU015,2026-08-17,43,Seasonal Naive (7-day),synthetic
FR-SKU015-20260805,SKU015,2026-08-18,48,Seasonal Naive (7-day),synthetic
FR-SKU015-20260805,SKU015,2026-08-19,33,Seasonal Naive (7-day),synthetic
FR-SKU015-20260805,SKU015,2026-08-20,37,Seasonal Naive (7-day),synthetic
FR-SKU015-20260805,SKU015,2026-08-21,58,Seasonal Naive (7-day),synthetic
FR-SKU015-20260805,SKU015,2026-08-22,49,Seasonal Naive (7-day),synthetic
FR-SKU015-20260805,SKU015,2026-08-23,46,Seasonal Naive (7-day),synthetic
FR-SKU015-20260805,SKU015,2026-08-24,43,Seasonal Naive (7-day),synthetic
FR-SKU015-20260805,SKU015,2026-08-25,48,Seasonal Naive (7-day),synthetic
FR-SKU015-20260805,SKU015,2026-08-26,33,Seasonal Naive (7-day),synthetic
FR-SKU015-20260805,SKU015,2026-08-27,37,Seasonal Naive (7-day),synthetic
FR-SKU015-20260805,SKU015,2026-08-28,58,Seasonal Naive (7-day),synthetic
FR-SKU015-20260805,SKU015,2026-08-29,49,Seasonal Naive (7-day),synthetic
FR-SKU015-20260805,SKU015,2026-08-30,46,Seasonal Naive (7-day),synthetic
FR-SKU015-20260805,SKU015,2026-08-31,43,Seasonal Naive (7-day),synthetic
FR-SKU015-20260805,SKU015,2026-09-01,48,Seasonal Naive (7-day),synthetic
FR-SKU015-20260805,SKU015,2026-09-02,33,Seasonal Naive (7-day),synthetic
FR-SKU015-20260805,SKU015,2026-09-03,37,Seasonal Naive (7-day),synthetic
FR-SKU015-20260805,SKU015,2026-09-04,58,Seasonal Naive (7-day),synthetic
FR-SKU016-20260805,SKU016,2026-08-06,68,Seasonal Naive (7-day),synthetic
FR-SKU016-20260805,SKU016,2026-08-07,71,Seasonal Naive (7-day),synthetic
FR-SKU016-20260805,SKU016,2026-08-08,59,Seasonal Naive (7-day),synthetic
FR-SKU016-20260805,SKU016,2026-08-09,64,Seasonal Naive (7-day),synthetic
FR-SKU016-20260805,SKU016,2026-08-10,49,Seasonal Naive (7-day),synthetic
FR-SKU016-20260805,SKU016,2026-08-11,44,Seasonal Naive (7-day),synthetic
FR-SKU016-20260805,SKU016,2026-08-12,65,Seasonal Naive (7-day),synthetic
FR-SKU016-20260805,SKU016,2026-08-13,68,Seasonal Naive (7-day),synthetic
FR-SKU016-20260805,SKU016,2026-08-14,71,Seasonal Naive (7-day),synthetic
FR-SKU016-20260805,SKU016,2026-08-15,59,Seasonal Naive (7-day),synthetic
FR-SKU016-20260805,SKU016,2026-08-16,64,Seasonal Naive (7-day),synthetic
FR-SKU016-20260805,SKU016,2026-08-17,49,Seasonal Naive (7-day),synthetic
FR-SKU016-20260805,SKU016,2026-08-18,44,Seasonal Naive (7-day),synthetic
FR-SKU016-20260805,SKU016,2026-08-19,65,Seasonal Naive (7-day),synthetic
FR-SKU016-20260805,SKU016,2026-08-20,68,Seasonal Naive (7-day),synthetic
FR-SKU016-20260805,SKU016,2026-08-21,71,Seasonal Naive (7-day),synthetic
FR-SKU016-20260805,SKU016,2026-08-22,59,Seasonal Naive (7-day),synthetic
FR-SKU016-20260805,SKU016,2026-08-23,64,Seasonal Naive (7-day),synthetic
FR-SKU016-20260805,SKU016,2026-08-24,49,Seasonal Naive (7-day),synthetic
FR-SKU016-20260805,SKU016,2026-08-25,44,Seasonal Naive (7-day),synthetic
FR-SKU016-20260805,SKU016,2026-08-26,65,Seasonal Naive (7-day),synthetic
FR-SKU016-20260805,SKU016,2026-08-27,68,Seasonal Naive (7-day),synthetic
FR-SKU016-20260805,SKU016,2026-08-28,71,Seasonal Naive (7-day),synthetic
FR-SKU016-20260805,SKU016,2026-08-29,59,Seasonal Naive (7-day),synthetic
FR-SKU016-20260805,SKU016,2026-08-30,64,Seasonal Naive (7-day),synthetic
FR-SKU016-20260805,SKU016,2026-08-31,49,Seasonal Naive (7-day),synthetic
FR-SKU016-20260805,SKU016,2026-09-01,44,Seasonal Naive (7-day),synthetic
FR-SKU016-20260805,SKU016,2026-09-02,65,Seasonal Naive (7-day),synthetic
FR-SKU016-20260805,SKU016,2026-09-03,68,Seasonal Naive (7-day),synthetic
FR-SKU016-20260805,SKU016,2026-09-04,71,Seasonal Naive (7-day),synthetic
FR-SKU017-20260805,SKU017,2026-08-06,36,Seasonal Naive (7-day),synthetic
FR-SKU017-20260805,SKU017,2026-08-07,25,Seasonal Naive (7-day),synthetic
FR-SKU017-20260805,SKU017,2026-08-08,28,Seasonal Naive (7-day),synthetic
FR-SKU017-20260805,SKU017,2026-08-09,31,Seasonal Naive (7-day),synthetic
FR-SKU017-20260805,SKU017,2026-08-10,27,Seasonal Naive (7-day),synthetic
FR-SKU017-20260805,SKU017,2026-08-11,23,Seasonal Naive (7-day),synthetic
FR-SKU017-20260805,SKU017,2026-08-12,26,Seasonal Naive (7-day),synthetic
FR-SKU017-20260805,SKU017,2026-08-13,36,Seasonal Naive (7-day),synthetic
FR-SKU017-20260805,SKU017,2026-08-14,25,Seasonal Naive (7-day),synthetic
FR-SKU017-20260805,SKU017,2026-08-15,28,Seasonal Naive (7-day),synthetic
FR-SKU017-20260805,SKU017,2026-08-16,31,Seasonal Naive (7-day),synthetic
FR-SKU017-20260805,SKU017,2026-08-17,27,Seasonal Naive (7-day),synthetic
FR-SKU017-20260805,SKU017,2026-08-18,23,Seasonal Naive (7-day),synthetic
FR-SKU017-20260805,SKU017,2026-08-19,26,Seasonal Naive (7-day),synthetic
FR-SKU017-20260805,SKU017,2026-08-20,36,Seasonal Naive (7-day),synthetic
FR-SKU017-20260805,SKU017,2026-08-21,25,Seasonal Naive (7-day),synthetic
FR-SKU017-20260805,SKU017,2026-08-22,28,Seasonal Naive (7-day),synthetic
FR-SKU017-20260805,SKU017,2026-08-23,31,Seasonal Naive (7-day),synthetic
FR-SKU017-20260805,SKU017,2026-08-24,27,Seasonal Naive (7-day),synthetic
FR-SKU017-20260805,SKU017,2026-08-25,23,Seasonal Naive (7-day),synthetic
FR-SKU017-20260805,SKU017,2026-08-26,26,Seasonal Naive (7-day),synthetic
FR-SKU017-20260805,SKU017,2026-08-27,36,Seasonal Naive (7-day),synthetic
FR-SKU017-20260805,SKU017,2026-08-28,25,Seasonal Naive (7-day),synthetic
FR-SKU017-20260805,SKU017,2026-08-29,28,Seasonal Naive (7-day),synthetic
FR-SKU017-20260805,SKU017,2026-08-30,31,Seasonal Naive (7-day),synthetic
FR-SKU017-20260805,SKU017,2026-08-31,27,Seasonal Naive (7-day),synthetic
FR-SKU017-20260805,SKU017,2026-09-01,23,Seasonal Naive (7-day),synthetic
FR-SKU017-20260805,SKU017,2026-09-02,26,Seasonal Naive (7-day),synthetic
FR-SKU017-20260805,SKU017,2026-09-03,36,Seasonal Naive (7-day),synthetic
FR-SKU017-20260805,SKU017,2026-09-04,25,Seasonal Naive (7-day),synthetic
FR-SKU018-20260805,SKU018,2026-08-06,43,Seasonal Naive (7-day),synthetic
FR-SKU018-20260805,SKU018,2026-08-07,49,Seasonal Naive (7-day),synthetic
FR-SKU018-20260805,SKU018,2026-08-08,50,Seasonal Naive (7-day),synthetic
FR-SKU018-20260805,SKU018,2026-08-09,51,Seasonal Naive (7-day),synthetic
FR-SKU018-20260805,SKU018,2026-08-10,50,Seasonal Naive (7-day),synthetic
FR-SKU018-20260805,SKU018,2026-08-11,46,Seasonal Naive (7-day),synthetic
FR-SKU018-20260805,SKU018,2026-08-12,56,Seasonal Naive (7-day),synthetic
FR-SKU018-20260805,SKU018,2026-08-13,43,Seasonal Naive (7-day),synthetic
FR-SKU018-20260805,SKU018,2026-08-14,49,Seasonal Naive (7-day),synthetic
FR-SKU018-20260805,SKU018,2026-08-15,50,Seasonal Naive (7-day),synthetic
FR-SKU018-20260805,SKU018,2026-08-16,51,Seasonal Naive (7-day),synthetic
FR-SKU018-20260805,SKU018,2026-08-17,50,Seasonal Naive (7-day),synthetic
FR-SKU018-20260805,SKU018,2026-08-18,46,Seasonal Naive (7-day),synthetic
FR-SKU018-20260805,SKU018,2026-08-19,56,Seasonal Naive (7-day),synthetic
FR-SKU018-20260805,SKU018,2026-08-20,43,Seasonal Naive (7-day),synthetic
FR-SKU018-20260805,SKU018,2026-08-21,49,Seasonal Naive (7-day),synthetic
FR-SKU018-20260805,SKU018,2026-08-22,50,Seasonal Naive (7-day),synthetic
FR-SKU018-20260805,SKU018,2026-08-23,51,Seasonal Naive (7-day),synthetic
FR-SKU018-20260805,SKU018,2026-08-24,50,Seasonal Naive (7-day),synthetic
FR-SKU018-20260805,SKU018,2026-08-25,46,Seasonal Naive (7-day),synthetic
FR-SKU018-20260805,SKU018,2026-08-26,56,Seasonal Naive (7-day),synthetic
FR-SKU018-20260805,SKU018,2026-08-27,43,Seasonal Naive (7-day),synthetic
FR-SKU018-20260805,SKU018,2026-08-28,49,Seasonal Naive (7-day),synthetic
FR-SKU018-20260805,SKU018,2026-08-29,50,Seasonal Naive (7-day),synthetic
FR-SKU018-20260805,SKU018,2026-08-30,51,Seasonal Naive (7-day),synthetic
FR-SKU018-20260805,SKU018,2026-08-31,50,Seasonal Naive (7-day),synthetic
FR-SKU018-20260805,SKU018,2026-09-01,46,Seasonal Naive (7-day),synthetic
FR-SKU018-20260805,SKU018,2026-09-02,56,Seasonal Naive (7-day),synthetic
FR-SKU018-20260805,SKU018,2026-09-03,43,Seasonal Naive (7-day),synthetic
FR-SKU018-20260805,SKU018,2026-09-04,49,Seasonal Naive (7-day),synthetic
FR-SKU019-20260805,SKU019,2026-08-06,44,Seasonal Naive (7-day),synthetic
FR-SKU019-20260805,SKU019,2026-08-07,35,Seasonal Naive (7-day),synthetic
FR-SKU019-20260805,SKU019,2026-08-08,40,Seasonal Naive (7-day),synthetic
FR-SKU019-20260805,SKU019,2026-08-09,42,Seasonal Naive (7-day),synthetic
FR-SKU019-20260805,SKU019,2026-08-10,37,Seasonal Naive (7-day),synthetic
FR-SKU019-20260805,SKU019,2026-08-11,28,Seasonal Naive (7-day),synthetic
FR-SKU019-20260805,SKU019,2026-08-12,32,Seasonal Naive (7-day),synthetic
FR-SKU019-20260805,SKU019,2026-08-13,44,Seasonal Naive (7-day),synthetic
FR-SKU019-20260805,SKU019,2026-08-14,35,Seasonal Naive (7-day),synthetic
FR-SKU019-20260805,SKU019,2026-08-15,40,Seasonal Naive (7-day),synthetic
FR-SKU019-20260805,SKU019,2026-08-16,42,Seasonal Naive (7-day),synthetic
FR-SKU019-20260805,SKU019,2026-08-17,37,Seasonal Naive (7-day),synthetic
FR-SKU019-20260805,SKU019,2026-08-18,28,Seasonal Naive (7-day),synthetic
FR-SKU019-20260805,SKU019,2026-08-19,32,Seasonal Naive (7-day),synthetic
FR-SKU019-20260805,SKU019,2026-08-20,44,Seasonal Naive (7-day),synthetic
FR-SKU019-20260805,SKU019,2026-08-21,35,Seasonal Naive (7-day),synthetic
FR-SKU019-20260805,SKU019,2026-08-22,40,Seasonal Naive (7-day),synthetic
FR-SKU019-20260805,SKU019,2026-08-23,42,Seasonal Naive (7-day),synthetic
FR-SKU019-20260805,SKU019,2026-08-24,37,Seasonal Naive (7-day),synthetic
FR-SKU019-20260805,SKU019,2026-08-25,28,Seasonal Naive (7-day),synthetic
FR-SKU019-20260805,SKU019,2026-08-26,32,Seasonal Naive (7-day),synthetic
FR-SKU019-20260805,SKU019,2026-08-27,44,Seasonal Naive (7-day),synthetic
FR-SKU019-20260805,SKU019,2026-08-28,35,Seasonal Naive (7-day),synthetic
FR-SKU019-20260805,SKU019,2026-08-29,40,Seasonal Naive (7-day),synthetic
FR-SKU019-20260805,SKU019,2026-08-30,42,Seasonal Naive (7-day),synthetic
FR-SKU019-20260805,SKU019,2026-08-31,37,Seasonal Naive (7-day),synthetic
FR-SKU019-20260805,SKU019,2026-09-01,28,Seasonal Naive (7-day),synthetic
FR-SKU019-20260805,SKU019,2026-09-02,32,Seasonal Naive (7-day),synthetic
FR-SKU019-20260805,SKU019,2026-09-03,44,Seasonal Naive (7-day),synthetic
FR-SKU019-20260805,SKU019,2026-09-04,35,Seasonal Naive (7-day),synthetic
FR-SKU020-20260805,SKU020,2026-08-06,36,Seasonal Naive (7-day),synthetic
FR-SKU020-20260805,SKU020,2026-08-07,40,Seasonal Naive (7-day),synthetic
FR-SKU020-20260805,SKU020,2026-08-08,41,Seasonal Naive (7-day),synthetic
FR-SKU020-20260805,SKU020,2026-08-09,34,Seasonal Naive (7-day),synthetic
FR-SKU020-20260805,SKU020,2026-08-10,27,Seasonal Naive (7-day),synthetic
FR-SKU020-20260805,SKU020,2026-08-11,37,Seasonal Naive (7-day),synthetic
FR-SKU020-20260805,SKU020,2026-08-12,25,Seasonal Naive (7-day),synthetic
FR-SKU020-20260805,SKU020,2026-08-13,36,Seasonal Naive (7-day),synthetic
FR-SKU020-20260805,SKU020,2026-08-14,40,Seasonal Naive (7-day),synthetic
FR-SKU020-20260805,SKU020,2026-08-15,41,Seasonal Naive (7-day),synthetic
FR-SKU020-20260805,SKU020,2026-08-16,34,Seasonal Naive (7-day),synthetic
FR-SKU020-20260805,SKU020,2026-08-17,27,Seasonal Naive (7-day),synthetic
FR-SKU020-20260805,SKU020,2026-08-18,37,Seasonal Naive (7-day),synthetic
FR-SKU020-20260805,SKU020,2026-08-19,25,Seasonal Naive (7-day),synthetic
FR-SKU020-20260805,SKU020,2026-08-20,36,Seasonal Naive (7-day),synthetic
FR-SKU020-20260805,SKU020,2026-08-21,40,Seasonal Naive (7-day),synthetic
FR-SKU020-20260805,SKU020,2026-08-22,41,Seasonal Naive (7-day),synthetic
FR-SKU020-20260805,SKU020,2026-08-23,34,Seasonal Naive (7-day),synthetic
FR-SKU020-20260805,SKU020,2026-08-24,27,Seasonal Naive (7-day),synthetic
FR-SKU020-20260805,SKU020,2026-08-25,37,Seasonal Naive (7-day),synthetic
FR-SKU020-20260805,SKU020,2026-08-26,25,Seasonal Naive (7-day),synthetic
FR-SKU020-20260805,SKU020,2026-08-27,36,Seasonal Naive (7-day),synthetic
FR-SKU020-20260805,SKU020,2026-08-28,40,Seasonal Naive (7-day),synthetic
FR-SKU020-20260805,SKU020,2026-08-29,41,Seasonal Naive (7-day),synthetic
FR-SKU020-20260805,SKU020,2026-08-30,34,Seasonal Naive (7-day),synthetic
FR-SKU020-20260805,SKU020,2026-08-31,27,Seasonal Naive (7-day),synthetic
FR-SKU020-20260805,SKU020,2026-09-01,37,Seasonal Naive (7-day),synthetic
FR-SKU020-20260805,SKU020,2026-09-02,25,Seasonal Naive (7-day),synthetic
FR-SKU020-20260805,SKU020,2026-09-03,36,Seasonal Naive (7-day),synthetic
FR-SKU020-20260805,SKU020,2026-09-04,40,Seasonal Naive (7-day),synthetic
FR-SKU021-20260805,SKU021,2026-08-06,27,Seasonal Naive (7-day),synthetic
FR-SKU021-20260805,SKU021,2026-08-07,33,Seasonal Naive (7-day),synthetic
FR-SKU021-20260805,SKU021,2026-08-08,28,Seasonal Naive (7-day),synthetic
FR-SKU021-20260805,SKU021,2026-08-09,26,Seasonal Naive (7-day),synthetic
FR-SKU021-20260805,SKU021,2026-08-10,27,Seasonal Naive (7-day),synthetic
FR-SKU021-20260805,SKU021,2026-08-11,25,Seasonal Naive (7-day),synthetic
FR-SKU021-20260805,SKU021,2026-08-12,17,Seasonal Naive (7-day),synthetic
FR-SKU021-20260805,SKU021,2026-08-13,27,Seasonal Naive (7-day),synthetic
FR-SKU021-20260805,SKU021,2026-08-14,33,Seasonal Naive (7-day),synthetic
FR-SKU021-20260805,SKU021,2026-08-15,28,Seasonal Naive (7-day),synthetic
FR-SKU021-20260805,SKU021,2026-08-16,26,Seasonal Naive (7-day),synthetic
FR-SKU021-20260805,SKU021,2026-08-17,27,Seasonal Naive (7-day),synthetic
FR-SKU021-20260805,SKU021,2026-08-18,25,Seasonal Naive (7-day),synthetic
FR-SKU021-20260805,SKU021,2026-08-19,17,Seasonal Naive (7-day),synthetic
FR-SKU021-20260805,SKU021,2026-08-20,27,Seasonal Naive (7-day),synthetic
FR-SKU021-20260805,SKU021,2026-08-21,33,Seasonal Naive (7-day),synthetic
FR-SKU021-20260805,SKU021,2026-08-22,28,Seasonal Naive (7-day),synthetic
FR-SKU021-20260805,SKU021,2026-08-23,26,Seasonal Naive (7-day),synthetic
FR-SKU021-20260805,SKU021,2026-08-24,27,Seasonal Naive (7-day),synthetic
FR-SKU021-20260805,SKU021,2026-08-25,25,Seasonal Naive (7-day),synthetic
FR-SKU021-20260805,SKU021,2026-08-26,17,Seasonal Naive (7-day),synthetic
FR-SKU021-20260805,SKU021,2026-08-27,27,Seasonal Naive (7-day),synthetic
FR-SKU021-20260805,SKU021,2026-08-28,33,Seasonal Naive (7-day),synthetic
FR-SKU021-20260805,SKU021,2026-08-29,28,Seasonal Naive (7-day),synthetic
FR-SKU021-20260805,SKU021,2026-08-30,26,Seasonal Naive (7-day),synthetic
FR-SKU021-20260805,SKU021,2026-08-31,27,Seasonal Naive (7-day),synthetic
FR-SKU021-20260805,SKU021,2026-09-01,25,Seasonal Naive (7-day),synthetic
FR-SKU021-20260805,SKU021,2026-09-02,17,Seasonal Naive (7-day),synthetic
FR-SKU021-20260805,SKU021,2026-09-03,27,Seasonal Naive (7-day),synthetic
FR-SKU021-20260805,SKU021,2026-09-04,33,Seasonal Naive (7-day),synthetic
FR-SKU022-20260805,SKU022,2026-08-06,39,Seasonal Naive (7-day),synthetic
FR-SKU022-20260805,SKU022,2026-08-07,46,Seasonal Naive (7-day),synthetic
FR-SKU022-20260805,SKU022,2026-08-08,39,Seasonal Naive (7-day),synthetic
FR-SKU022-20260805,SKU022,2026-08-09,48,Seasonal Naive (7-day),synthetic
FR-SKU022-20260805,SKU022,2026-08-10,48,Seasonal Naive (7-day),synthetic
FR-SKU022-20260805,SKU022,2026-08-11,38,Seasonal Naive (7-day),synthetic
FR-SKU022-20260805,SKU022,2026-08-12,39,Seasonal Naive (7-day),synthetic
FR-SKU022-20260805,SKU022,2026-08-13,39,Seasonal Naive (7-day),synthetic
FR-SKU022-20260805,SKU022,2026-08-14,46,Seasonal Naive (7-day),synthetic
FR-SKU022-20260805,SKU022,2026-08-15,39,Seasonal Naive (7-day),synthetic
FR-SKU022-20260805,SKU022,2026-08-16,48,Seasonal Naive (7-day),synthetic
FR-SKU022-20260805,SKU022,2026-08-17,48,Seasonal Naive (7-day),synthetic
FR-SKU022-20260805,SKU022,2026-08-18,38,Seasonal Naive (7-day),synthetic
FR-SKU022-20260805,SKU022,2026-08-19,39,Seasonal Naive (7-day),synthetic
FR-SKU022-20260805,SKU022,2026-08-20,39,Seasonal Naive (7-day),synthetic
FR-SKU022-20260805,SKU022,2026-08-21,46,Seasonal Naive (7-day),synthetic
FR-SKU022-20260805,SKU022,2026-08-22,39,Seasonal Naive (7-day),synthetic
FR-SKU022-20260805,SKU022,2026-08-23,48,Seasonal Naive (7-day),synthetic
FR-SKU022-20260805,SKU022,2026-08-24,48,Seasonal Naive (7-day),synthetic
FR-SKU022-20260805,SKU022,2026-08-25,38,Seasonal Naive (7-day),synthetic
FR-SKU022-20260805,SKU022,2026-08-26,39,Seasonal Naive (7-day),synthetic
FR-SKU022-20260805,SKU022,2026-08-27,39,Seasonal Naive (7-day),synthetic
FR-SKU022-20260805,SKU022,2026-08-28,46,Seasonal Naive (7-day),synthetic
FR-SKU022-20260805,SKU022,2026-08-29,39,Seasonal Naive (7-day),synthetic
FR-SKU022-20260805,SKU022,2026-08-30,48,Seasonal Naive (7-day),synthetic
FR-SKU022-20260805,SKU022,2026-08-31,48,Seasonal Naive (7-day),synthetic
FR-SKU022-20260805,SKU022,2026-09-01,38,Seasonal Naive (7-day),synthetic
FR-SKU022-20260805,SKU022,2026-09-02,39,Seasonal Naive (7-day),synthetic
FR-SKU022-20260805,SKU022,2026-09-03,39,Seasonal Naive (7-day),synthetic
FR-SKU022-20260805,SKU022,2026-09-04,46,Seasonal Naive (7-day),synthetic
FR-SKU023-20260805,SKU023,2026-08-06,47,Seasonal Naive (7-day),synthetic
FR-SKU023-20260805,SKU023,2026-08-07,41,Seasonal Naive (7-day),synthetic
FR-SKU023-20260805,SKU023,2026-08-08,41,Seasonal Naive (7-day),synthetic
FR-SKU023-20260805,SKU023,2026-08-09,44,Seasonal Naive (7-day),synthetic
FR-SKU023-20260805,SKU023,2026-08-10,33,Seasonal Naive (7-day),synthetic
FR-SKU023-20260805,SKU023,2026-08-11,33,Seasonal Naive (7-day),synthetic
FR-SKU023-20260805,SKU023,2026-08-12,29,Seasonal Naive (7-day),synthetic
FR-SKU023-20260805,SKU023,2026-08-13,47,Seasonal Naive (7-day),synthetic
FR-SKU023-20260805,SKU023,2026-08-14,41,Seasonal Naive (7-day),synthetic
FR-SKU023-20260805,SKU023,2026-08-15,41,Seasonal Naive (7-day),synthetic
FR-SKU023-20260805,SKU023,2026-08-16,44,Seasonal Naive (7-day),synthetic
FR-SKU023-20260805,SKU023,2026-08-17,33,Seasonal Naive (7-day),synthetic
FR-SKU023-20260805,SKU023,2026-08-18,33,Seasonal Naive (7-day),synthetic
FR-SKU023-20260805,SKU023,2026-08-19,29,Seasonal Naive (7-day),synthetic
FR-SKU023-20260805,SKU023,2026-08-20,47,Seasonal Naive (7-day),synthetic
FR-SKU023-20260805,SKU023,2026-08-21,41,Seasonal Naive (7-day),synthetic
FR-SKU023-20260805,SKU023,2026-08-22,41,Seasonal Naive (7-day),synthetic
FR-SKU023-20260805,SKU023,2026-08-23,44,Seasonal Naive (7-day),synthetic
FR-SKU023-20260805,SKU023,2026-08-24,33,Seasonal Naive (7-day),synthetic
FR-SKU023-20260805,SKU023,2026-08-25,33,Seasonal Naive (7-day),synthetic
FR-SKU023-20260805,SKU023,2026-08-26,29,Seasonal Naive (7-day),synthetic
FR-SKU023-20260805,SKU023,2026-08-27,47,Seasonal Naive (7-day),synthetic
FR-SKU023-20260805,SKU023,2026-08-28,41,Seasonal Naive (7-day),synthetic
FR-SKU023-20260805,SKU023,2026-08-29,41,Seasonal Naive (7-day),synthetic
FR-SKU023-20260805,SKU023,2026-08-30,44,Seasonal Naive (7-day),synthetic
FR-SKU023-20260805,SKU023,2026-08-31,33,Seasonal Naive (7-day),synthetic
FR-SKU023-20260805,SKU023,2026-09-01,33,Seasonal Naive (7-day),synthetic
FR-SKU023-20260805,SKU023,2026-09-02,29,Seasonal Naive (7-day),synthetic
FR-SKU023-20260805,SKU023,2026-09-03,47,Seasonal Naive (7-day),synthetic
FR-SKU023-20260805,SKU023,2026-09-04,41,Seasonal Naive (7-day),synthetic
FR-SKU024-20260805,SKU024,2026-08-06,45,Seasonal Naive (7-day),synthetic
FR-SKU024-20260805,SKU024,2026-08-07,36,Seasonal Naive (7-day),synthetic
FR-SKU024-20260805,SKU024,2026-08-08,40,Seasonal Naive (7-day),synthetic
FR-SKU024-20260805,SKU024,2026-08-09,33,Seasonal Naive (7-day),synthetic
FR-SKU024-20260805,SKU024,2026-08-10,33,Seasonal Naive (7-day),synthetic
FR-SKU024-20260805,SKU024,2026-08-11,30,Seasonal Naive (7-day),synthetic
FR-SKU024-20260805,SKU024,2026-08-12,38,Seasonal Naive (7-day),synthetic
FR-SKU024-20260805,SKU024,2026-08-13,45,Seasonal Naive (7-day),synthetic
FR-SKU024-20260805,SKU024,2026-08-14,36,Seasonal Naive (7-day),synthetic
FR-SKU024-20260805,SKU024,2026-08-15,40,Seasonal Naive (7-day),synthetic
FR-SKU024-20260805,SKU024,2026-08-16,33,Seasonal Naive (7-day),synthetic
FR-SKU024-20260805,SKU024,2026-08-17,33,Seasonal Naive (7-day),synthetic
FR-SKU024-20260805,SKU024,2026-08-18,30,Seasonal Naive (7-day),synthetic
FR-SKU024-20260805,SKU024,2026-08-19,38,Seasonal Naive (7-day),synthetic
FR-SKU024-20260805,SKU024,2026-08-20,45,Seasonal Naive (7-day),synthetic
FR-SKU024-20260805,SKU024,2026-08-21,36,Seasonal Naive (7-day),synthetic
FR-SKU024-20260805,SKU024,2026-08-22,40,Seasonal Naive (7-day),synthetic
FR-SKU024-20260805,SKU024,2026-08-23,33,Seasonal Naive (7-day),synthetic
FR-SKU024-20260805,SKU024,2026-08-24,33,Seasonal Naive (7-day),synthetic
FR-SKU024-20260805,SKU024,2026-08-25,30,Seasonal Naive (7-day),synthetic
FR-SKU024-20260805,SKU024,2026-08-26,38,Seasonal Naive (7-day),synthetic
FR-SKU024-20260805,SKU024,2026-08-27,45,Seasonal Naive (7-day),synthetic
FR-SKU024-20260805,SKU024,2026-08-28,36,Seasonal Naive (7-day),synthetic
FR-SKU024-20260805,SKU024,2026-08-29,40,Seasonal Naive (7-day),synthetic
FR-SKU024-20260805,SKU024,2026-08-30,33,Seasonal Naive (7-day),synthetic
FR-SKU024-20260805,SKU024,2026-08-31,33,Seasonal Naive (7-day),synthetic
FR-SKU024-20260805,SKU024,2026-09-01,30,Seasonal Naive (7-day),synthetic
FR-SKU024-20260805,SKU024,2026-09-02,38,Seasonal Naive (7-day),synthetic
FR-SKU024-20260805,SKU024,2026-09-03,45,Seasonal Naive (7-day),synthetic
FR-SKU024-20260805,SKU024,2026-09-04,36,Seasonal Naive (7-day),synthetic
FR-SKU025-20260805,SKU025,2026-08-06,72,Seasonal Naive (7-day),synthetic
FR-SKU025-20260805,SKU025,2026-08-07,65,Seasonal Naive (7-day),synthetic
FR-SKU025-20260805,SKU025,2026-08-08,65,Seasonal Naive (7-day),synthetic
FR-SKU025-20260805,SKU025,2026-08-09,92,Seasonal Naive (7-day),synthetic
FR-SKU025-20260805,SKU025,2026-08-10,51,Seasonal Naive (7-day),synthetic
FR-SKU025-20260805,SKU025,2026-08-11,50,Seasonal Naive (7-day),synthetic
FR-SKU025-20260805,SKU025,2026-08-12,82,Seasonal Naive (7-day),synthetic
FR-SKU025-20260805,SKU025,2026-08-13,72,Seasonal Naive (7-day),synthetic
FR-SKU025-20260805,SKU025,2026-08-14,65,Seasonal Naive (7-day),synthetic
FR-SKU025-20260805,SKU025,2026-08-15,65,Seasonal Naive (7-day),synthetic
FR-SKU025-20260805,SKU025,2026-08-16,92,Seasonal Naive (7-day),synthetic
FR-SKU025-20260805,SKU025,2026-08-17,51,Seasonal Naive (7-day),synthetic
FR-SKU025-20260805,SKU025,2026-08-18,50,Seasonal Naive (7-day),synthetic
FR-SKU025-20260805,SKU025,2026-08-19,82,Seasonal Naive (7-day),synthetic
FR-SKU025-20260805,SKU025,2026-08-20,72,Seasonal Naive (7-day),synthetic
FR-SKU025-20260805,SKU025,2026-08-21,65,Seasonal Naive (7-day),synthetic
FR-SKU025-20260805,SKU025,2026-08-22,65,Seasonal Naive (7-day),synthetic
FR-SKU025-20260805,SKU025,2026-08-23,92,Seasonal Naive (7-day),synthetic
FR-SKU025-20260805,SKU025,2026-08-24,51,Seasonal Naive (7-day),synthetic
FR-SKU025-20260805,SKU025,2026-08-25,50,Seasonal Naive (7-day),synthetic
FR-SKU025-20260805,SKU025,2026-08-26,82,Seasonal Naive (7-day),synthetic
FR-SKU025-20260805,SKU025,2026-08-27,72,Seasonal Naive (7-day),synthetic
FR-SKU025-20260805,SKU025,2026-08-28,65,Seasonal Naive (7-day),synthetic
FR-SKU025-20260805,SKU025,2026-08-29,65,Seasonal Naive (7-day),synthetic
FR-SKU025-20260805,SKU025,2026-08-30,92,Seasonal Naive (7-day),synthetic
FR-SKU025-20260805,SKU025,2026-08-31,51,Seasonal Naive (7-day),synthetic
FR-SKU025-20260805,SKU025,2026-09-01,50,Seasonal Naive (7-day),synthetic
FR-SKU025-20260805,SKU025,2026-09-02,82,Seasonal Naive (7-day),synthetic
FR-SKU025-20260805,SKU025,2026-09-03,72,Seasonal Naive (7-day),synthetic
FR-SKU025-20260805,SKU025,2026-09-04,65,Seasonal Naive (7-day),synthetic
FR-SKU026-20260805,SKU026,2026-08-06,37,Seasonal Naive (7-day),synthetic
FR-SKU026-20260805,SKU026,2026-08-07,31,Seasonal Naive (7-day),synthetic
FR-SKU026-20260805,SKU026,2026-08-08,29,Seasonal Naive (7-day),synthetic
FR-SKU026-20260805,SKU026,2026-08-09,31,Seasonal Naive (7-day),synthetic
FR-SKU026-20260805,SKU026,2026-08-10,30,Seasonal Naive (7-day),synthetic
FR-SKU026-20260805,SKU026,2026-08-11,22,Seasonal Naive (7-day),synthetic
FR-SKU026-20260805,SKU026,2026-08-12,28,Seasonal Naive (7-day),synthetic
FR-SKU026-20260805,SKU026,2026-08-13,37,Seasonal Naive (7-day),synthetic
FR-SKU026-20260805,SKU026,2026-08-14,31,Seasonal Naive (7-day),synthetic
FR-SKU026-20260805,SKU026,2026-08-15,29,Seasonal Naive (7-day),synthetic
FR-SKU026-20260805,SKU026,2026-08-16,31,Seasonal Naive (7-day),synthetic
FR-SKU026-20260805,SKU026,2026-08-17,30,Seasonal Naive (7-day),synthetic
FR-SKU026-20260805,SKU026,2026-08-18,22,Seasonal Naive (7-day),synthetic
FR-SKU026-20260805,SKU026,2026-08-19,28,Seasonal Naive (7-day),synthetic
FR-SKU026-20260805,SKU026,2026-08-20,37,Seasonal Naive (7-day),synthetic
FR-SKU026-20260805,SKU026,2026-08-21,31,Seasonal Naive (7-day),synthetic
FR-SKU026-20260805,SKU026,2026-08-22,29,Seasonal Naive (7-day),synthetic
FR-SKU026-20260805,SKU026,2026-08-23,31,Seasonal Naive (7-day),synthetic
FR-SKU026-20260805,SKU026,2026-08-24,30,Seasonal Naive (7-day),synthetic
FR-SKU026-20260805,SKU026,2026-08-25,22,Seasonal Naive (7-day),synthetic
FR-SKU026-20260805,SKU026,2026-08-26,28,Seasonal Naive (7-day),synthetic
FR-SKU026-20260805,SKU026,2026-08-27,37,Seasonal Naive (7-day),synthetic
FR-SKU026-20260805,SKU026,2026-08-28,31,Seasonal Naive (7-day),synthetic
FR-SKU026-20260805,SKU026,2026-08-29,29,Seasonal Naive (7-day),synthetic
FR-SKU026-20260805,SKU026,2026-08-30,31,Seasonal Naive (7-day),synthetic
FR-SKU026-20260805,SKU026,2026-08-31,30,Seasonal Naive (7-day),synthetic
FR-SKU026-20260805,SKU026,2026-09-01,22,Seasonal Naive (7-day),synthetic
FR-SKU026-20260805,SKU026,2026-09-02,28,Seasonal Naive (7-day),synthetic
FR-SKU026-20260805,SKU026,2026-09-03,37,Seasonal Naive (7-day),synthetic
FR-SKU026-20260805,SKU026,2026-09-04,31,Seasonal Naive (7-day),synthetic
FR-SKU027-20260805,SKU027,2026-08-06,19,Seasonal Naive (7-day),synthetic
FR-SKU027-20260805,SKU027,2026-08-07,23,Seasonal Naive (7-day),synthetic
FR-SKU027-20260805,SKU027,2026-08-08,22,Seasonal Naive (7-day),synthetic
FR-SKU027-20260805,SKU027,2026-08-09,22,Seasonal Naive (7-day),synthetic
FR-SKU027-20260805,SKU027,2026-08-10,27,Seasonal Naive (7-day),synthetic
FR-SKU027-20260805,SKU027,2026-08-11,15,Seasonal Naive (7-day),synthetic
FR-SKU027-20260805,SKU027,2026-08-12,20,Seasonal Naive (7-day),synthetic
FR-SKU027-20260805,SKU027,2026-08-13,19,Seasonal Naive (7-day),synthetic
FR-SKU027-20260805,SKU027,2026-08-14,23,Seasonal Naive (7-day),synthetic
FR-SKU027-20260805,SKU027,2026-08-15,22,Seasonal Naive (7-day),synthetic
FR-SKU027-20260805,SKU027,2026-08-16,22,Seasonal Naive (7-day),synthetic
FR-SKU027-20260805,SKU027,2026-08-17,27,Seasonal Naive (7-day),synthetic
FR-SKU027-20260805,SKU027,2026-08-18,15,Seasonal Naive (7-day),synthetic
FR-SKU027-20260805,SKU027,2026-08-19,20,Seasonal Naive (7-day),synthetic
FR-SKU027-20260805,SKU027,2026-08-20,19,Seasonal Naive (7-day),synthetic
FR-SKU027-20260805,SKU027,2026-08-21,23,Seasonal Naive (7-day),synthetic
FR-SKU027-20260805,SKU027,2026-08-22,22,Seasonal Naive (7-day),synthetic
FR-SKU027-20260805,SKU027,2026-08-23,22,Seasonal Naive (7-day),synthetic
FR-SKU027-20260805,SKU027,2026-08-24,27,Seasonal Naive (7-day),synthetic
FR-SKU027-20260805,SKU027,2026-08-25,15,Seasonal Naive (7-day),synthetic
FR-SKU027-20260805,SKU027,2026-08-26,20,Seasonal Naive (7-day),synthetic
FR-SKU027-20260805,SKU027,2026-08-27,19,Seasonal Naive (7-day),synthetic
FR-SKU027-20260805,SKU027,2026-08-28,23,Seasonal Naive (7-day),synthetic
FR-SKU027-20260805,SKU027,2026-08-29,22,Seasonal Naive (7-day),synthetic
FR-SKU027-20260805,SKU027,2026-08-30,22,Seasonal Naive (7-day),synthetic
FR-SKU027-20260805,SKU027,2026-08-31,27,Seasonal Naive (7-day),synthetic
FR-SKU027-20260805,SKU027,2026-09-01,15,Seasonal Naive (7-day),synthetic
FR-SKU027-20260805,SKU027,2026-09-02,20,Seasonal Naive (7-day),synthetic
FR-SKU027-20260805,SKU027,2026-09-03,19,Seasonal Naive (7-day),synthetic
FR-SKU027-20260805,SKU027,2026-09-04,23,Seasonal Naive (7-day),synthetic
FR-SKU028-20260805,SKU028,2026-08-06,20,Seasonal Naive (7-day),synthetic
FR-SKU028-20260805,SKU028,2026-08-07,21,Seasonal Naive (7-day),synthetic
FR-SKU028-20260805,SKU028,2026-08-08,21,Seasonal Naive (7-day),synthetic
FR-SKU028-20260805,SKU028,2026-08-09,22,Seasonal Naive (7-day),synthetic
FR-SKU028-20260805,SKU028,2026-08-10,23,Seasonal Naive (7-day),synthetic
FR-SKU028-20260805,SKU028,2026-08-11,22,Seasonal Naive (7-day),synthetic
FR-SKU028-20260805,SKU028,2026-08-12,17,Seasonal Naive (7-day),synthetic
FR-SKU028-20260805,SKU028,2026-08-13,20,Seasonal Naive (7-day),synthetic
FR-SKU028-20260805,SKU028,2026-08-14,21,Seasonal Naive (7-day),synthetic
FR-SKU028-20260805,SKU028,2026-08-15,21,Seasonal Naive (7-day),synthetic
FR-SKU028-20260805,SKU028,2026-08-16,22,Seasonal Naive (7-day),synthetic
FR-SKU028-20260805,SKU028,2026-08-17,23,Seasonal Naive (7-day),synthetic
FR-SKU028-20260805,SKU028,2026-08-18,22,Seasonal Naive (7-day),synthetic
FR-SKU028-20260805,SKU028,2026-08-19,17,Seasonal Naive (7-day),synthetic
FR-SKU028-20260805,SKU028,2026-08-20,20,Seasonal Naive (7-day),synthetic
FR-SKU028-20260805,SKU028,2026-08-21,21,Seasonal Naive (7-day),synthetic
FR-SKU028-20260805,SKU028,2026-08-22,21,Seasonal Naive (7-day),synthetic
FR-SKU028-20260805,SKU028,2026-08-23,22,Seasonal Naive (7-day),synthetic
FR-SKU028-20260805,SKU028,2026-08-24,23,Seasonal Naive (7-day),synthetic
FR-SKU028-20260805,SKU028,2026-08-25,22,Seasonal Naive (7-day),synthetic
FR-SKU028-20260805,SKU028,2026-08-26,17,Seasonal Naive (7-day),synthetic
FR-SKU028-20260805,SKU028,2026-08-27,20,Seasonal Naive (7-day),synthetic
FR-SKU028-20260805,SKU028,2026-08-28,21,Seasonal Naive (7-day),synthetic
FR-SKU028-20260805,SKU028,2026-08-29,21,Seasonal Naive (7-day),synthetic
FR-SKU028-20260805,SKU028,2026-08-30,22,Seasonal Naive (7-day),synthetic
FR-SKU028-20260805,SKU028,2026-08-31,23,Seasonal Naive (7-day),synthetic
FR-SKU028-20260805,SKU028,2026-09-01,22,Seasonal Naive (7-day),synthetic
FR-SKU028-20260805,SKU028,2026-09-02,17,Seasonal Naive (7-day),synthetic
FR-SKU028-20260805,SKU028,2026-09-03,20,Seasonal Naive (7-day),synthetic
FR-SKU028-20260805,SKU028,2026-09-04,21,Seasonal Naive (7-day),synthetic
FR-SKU029-20260805,SKU029,2026-08-06,29,Seasonal Naive (7-day),synthetic
FR-SKU029-20260805,SKU029,2026-08-07,31,Seasonal Naive (7-day),synthetic
FR-SKU029-20260805,SKU029,2026-08-08,30,Seasonal Naive (7-day),synthetic
FR-SKU029-20260805,SKU029,2026-08-09,35,Seasonal Naive (7-day),synthetic
FR-SKU029-20260805,SKU029,2026-08-10,27,Seasonal Naive (7-day),synthetic
FR-SKU029-20260805,SKU029,2026-08-11,30,Seasonal Naive (7-day),synthetic
FR-SKU029-20260805,SKU029,2026-08-12,29,Seasonal Naive (7-day),synthetic
FR-SKU029-20260805,SKU029,2026-08-13,29,Seasonal Naive (7-day),synthetic
FR-SKU029-20260805,SKU029,2026-08-14,31,Seasonal Naive (7-day),synthetic
FR-SKU029-20260805,SKU029,2026-08-15,30,Seasonal Naive (7-day),synthetic
FR-SKU029-20260805,SKU029,2026-08-16,35,Seasonal Naive (7-day),synthetic
FR-SKU029-20260805,SKU029,2026-08-17,27,Seasonal Naive (7-day),synthetic
FR-SKU029-20260805,SKU029,2026-08-18,30,Seasonal Naive (7-day),synthetic
FR-SKU029-20260805,SKU029,2026-08-19,29,Seasonal Naive (7-day),synthetic
FR-SKU029-20260805,SKU029,2026-08-20,29,Seasonal Naive (7-day),synthetic
FR-SKU029-20260805,SKU029,2026-08-21,31,Seasonal Naive (7-day),synthetic
FR-SKU029-20260805,SKU029,2026-08-22,30,Seasonal Naive (7-day),synthetic
FR-SKU029-20260805,SKU029,2026-08-23,35,Seasonal Naive (7-day),synthetic
FR-SKU029-20260805,SKU029,2026-08-24,27,Seasonal Naive (7-day),synthetic
FR-SKU029-20260805,SKU029,2026-08-25,30,Seasonal Naive (7-day),synthetic
FR-SKU029-20260805,SKU029,2026-08-26,29,Seasonal Naive (7-day),synthetic
FR-SKU029-20260805,SKU029,2026-08-27,29,Seasonal Naive (7-day),synthetic
FR-SKU029-20260805,SKU029,2026-08-28,31,Seasonal Naive (7-day),synthetic
FR-SKU029-20260805,SKU029,2026-08-29,30,Seasonal Naive (7-day),synthetic
FR-SKU029-20260805,SKU029,2026-08-30,35,Seasonal Naive (7-day),synthetic
FR-SKU029-20260805,SKU029,2026-08-31,27,Seasonal Naive (7-day),synthetic
FR-SKU029-20260805,SKU029,2026-09-01,30,Seasonal Naive (7-day),synthetic
FR-SKU029-20260805,SKU029,2026-09-02,29,Seasonal Naive (7-day),synthetic
FR-SKU029-20260805,SKU029,2026-09-03,29,Seasonal Naive (7-day),synthetic
FR-SKU029-20260805,SKU029,2026-09-04,31,Seasonal Naive (7-day),synthetic
FR-SKU030-20260805,SKU030,2026-08-06,47,Seasonal Naive (7-day),synthetic
FR-SKU030-20260805,SKU030,2026-08-07,54,Seasonal Naive (7-day),synthetic
FR-SKU030-20260805,SKU030,2026-08-08,63,Seasonal Naive (7-day),synthetic
FR-SKU030-20260805,SKU030,2026-08-09,53,Seasonal Naive (7-day),synthetic
FR-SKU030-20260805,SKU030,2026-08-10,54,Seasonal Naive (7-day),synthetic
FR-SKU030-20260805,SKU030,2026-08-11,49,Seasonal Naive (7-day),synthetic
FR-SKU030-20260805,SKU030,2026-08-12,63,Seasonal Naive (7-day),synthetic
FR-SKU030-20260805,SKU030,2026-08-13,47,Seasonal Naive (7-day),synthetic
FR-SKU030-20260805,SKU030,2026-08-14,54,Seasonal Naive (7-day),synthetic
FR-SKU030-20260805,SKU030,2026-08-15,63,Seasonal Naive (7-day),synthetic
FR-SKU030-20260805,SKU030,2026-08-16,53,Seasonal Naive (7-day),synthetic
FR-SKU030-20260805,SKU030,2026-08-17,54,Seasonal Naive (7-day),synthetic
FR-SKU030-20260805,SKU030,2026-08-18,49,Seasonal Naive (7-day),synthetic
FR-SKU030-20260805,SKU030,2026-08-19,63,Seasonal Naive (7-day),synthetic
FR-SKU030-20260805,SKU030,2026-08-20,47,Seasonal Naive (7-day),synthetic
FR-SKU030-20260805,SKU030,2026-08-21,54,Seasonal Naive (7-day),synthetic
FR-SKU030-20260805,SKU030,2026-08-22,63,Seasonal Naive (7-day),synthetic
FR-SKU030-20260805,SKU030,2026-08-23,53,Seasonal Naive (7-day),synthetic
FR-SKU030-20260805,SKU030,2026-08-24,54,Seasonal Naive (7-day),synthetic
FR-SKU030-20260805,SKU030,2026-08-25,49,Seasonal Naive (7-day),synthetic
FR-SKU030-20260805,SKU030,2026-08-26,63,Seasonal Naive (7-day),synthetic
FR-SKU030-20260805,SKU030,2026-08-27,47,Seasonal Naive (7-day),synthetic
FR-SKU030-20260805,SKU030,2026-08-28,54,Seasonal Naive (7-day),synthetic
FR-SKU030-20260805,SKU030,2026-08-29,63,Seasonal Naive (7-day),synthetic
FR-SKU030-20260805,SKU030,2026-08-30,53,Seasonal Naive (7-day),synthetic
FR-SKU030-20260805,SKU030,2026-08-31,54,Seasonal Naive (7-day),synthetic
FR-SKU030-20260805,SKU030,2026-09-01,49,Seasonal Naive (7-day),synthetic
FR-SKU030-20260805,SKU030,2026-09-02,63,Seasonal Naive (7-day),synthetic
FR-SKU030-20260805,SKU030,2026-09-03,47,Seasonal Naive (7-day),synthetic
FR-SKU030-20260805,SKU030,2026-09-04,54,Seasonal Naive (7-day),synthetic
