recommendation_id,recommendation_type,sku_id,lot_id,source_location_id,target_location_id,proposed_qty,adjusted_qty,reason,status,created_at,data_status
REC0001,REPLENISHMENT,SKU002,LOT0005,LOC01,LOC01,3256,2604,Projected shortage of 3256 units over the remaining 75-day horizon.,APPROVED,2026-08-05T15:00:00,synthetic
REC0002,REPLENISHMENT,SKU002,LOT0006,LOC01,LOC01,3314,3314,Projected shortage of 3314 units over the remaining 74-day horizon.,PENDING,2026-08-05T14:00:00,synthetic
REC0003,REPLENISHMENT,SKU002,LOT0007,LOC01,LOC01,3203,3203,Projected shortage of 3203 units over the remaining 74-day horizon.,REJECTED,2026-08-05T13:00:00,synthetic
REC0004,REPLENISHMENT,SKU002,LOT0008,LOC01,LOC01,5388,5388,Projected shortage of 5388 units over the remaining 122-day horizon.,PENDING,2026-08-05T12:00:00,synthetic
REC0005,EXPIRY_ACTION,SKU003,LOT0009,LOC01,,1493,1194,Projected surplus of 1493 units before expiry; 15 days remaining.,APPROVED,2026-08-05T11:00:00,synthetic
REC0006,REPLENISHMENT,SKU006,LOT0021,LOC01,LOC01,5631,5631,Projected shortage of 5631 units over the remaining 103-day horizon.,REJECTED,2026-08-05T10:00:00,synthetic
REC0007,REPLENISHMENT,SKU006,LOT0022,LOC01,LOC01,4232,4232,Projected shortage of 4232 units over the remaining 78-day horizon.,REJECTED,2026-08-05T09:00:00,synthetic
REC0008,REPLENISHMENT,SKU006,LOT0023,LOC01,LOC01,5895,4716,Projected shortage of 5895 units over the remaining 111-day horizon.,APPROVED,2026-08-05T08:00:00,synthetic
REC0009,REPLENISHMENT,SKU006,LOT0024,LOC01,LOC01,6823,6823,Projected shortage of 6823 units over the remaining 126-day horizon.,REJECTED,2026-08-05T07:00:00,synthetic
REC0010,EXPIRY_ACTION,SKU007,LOT0025,LOC01,,194,155,Projected surplus of 194 units before expiry; 19 days remaining.,APPROVED,2026-08-05T06:00:00,synthetic
REC0011,TRANSFER,SKU008,LOT0029,LOC01,LOC03,777,777,Excess or near-expiry stock at pilot warehouse; transfer quantity based on projected surplus and representative destination demand.,PENDING,2026-08-05T05:00:00,synthetic
REC0012,REPLENISHMENT,SKU010,LOT0037,LOC01,LOC01,1550,1550,Projected shortage of 1550 units over the remaining 79-day horizon.,PENDING,2026-08-05T04:00:00,synthetic
REC0013,REPLENISHMENT,SKU010,LOT0038,LOC01,LOC01,2564,2051,Projected shortage of 2564 units over the remaining 125-day horizon.,APPROVED,2026-08-05T03:00:00,synthetic
REC0014,REPLENISHMENT,SKU010,LOT0039,LOC01,LOC01,1940,1940,Projected shortage of 1940 units over the remaining 96-day horizon.,PENDING,2026-08-05T02:00:00,synthetic
REC0015,REPLENISHMENT,SKU010,LOT0040,LOC01,LOC01,2430,2430,Projected shortage of 2430 units over the remaining 120-day horizon.,PENDING,2026-08-05T01:00:00,synthetic
REC0016,EXPIRY_ACTION,SKU011,LOT0041,LOC01,,1933,1933,Projected surplus of 1933 units before expiry; 16 days remaining.,REJECTED,2026-08-05T00:00:00,synthetic
REC0017,EXPIRY_ACTION,SKU011,LOT0042,LOC01,,628,628,Projected surplus of 628 units before expiry; 24 days remaining.,REJECTED,2026-08-04T23:00:00,synthetic
REC0018,REPLENISHMENT,SKU014,LOT0053,LOC01,LOC01,4072,4072,Projected shortage of 4072 units over the remaining 126-day horizon.,PENDING,2026-08-04T22:00:00,synthetic
REC0019,REPLENISHMENT,SKU014,LOT0054,LOC01,LOC01,2964,2964,Projected shortage of 2964 units over the remaining 92-day horizon.,REJECTED,2026-08-04T21:00:00,synthetic
REC0020,REPLENISHMENT,SKU014,LOT0055,LOC01,LOC01,4500,3600,Projected shortage of 4500 units over the remaining 138-day horizon.,APPROVED,2026-08-04T20:00:00,synthetic
REC0021,REPLENISHMENT,SKU014,LOT0056,LOC01,LOC01,3799,3039,Projected shortage of 3799 units over the remaining 115-day horizon.,APPROVED,2026-08-04T19:00:00,synthetic
REC0022,EXPIRY_ACTION,SKU015,LOT0057,LOC01,,1105,884,Projected surplus of 1105 units before expiry; 16 days remaining.,APPROVED,2026-08-04T18:00:00,synthetic
REC0023,REPLENISHMENT,SKU018,LOT0069,LOC01,LOC01,4395,3516,Projected shortage of 4395 units over the remaining 81-day horizon.,APPROVED,2026-08-04T17:00:00,synthetic
REC0024,REPLENISHMENT,SKU018,LOT0070,LOC01,LOC01,3805,3805,Projected shortage of 3805 units over the remaining 72-day horizon.,REJECTED,2026-08-04T16:00:00,synthetic
REC0025,REPLENISHMENT,SKU018,LOT0071,LOC01,LOC01,7023,7023,Projected shortage of 7023 units over the remaining 128-day horizon.,REJECTED,2026-08-04T15:00:00,synthetic
REC0026,REPLENISHMENT,SKU018,LOT0072,LOC01,LOC01,7755,7755,Projected shortage of 7755 units over the remaining 145-day horizon.,PENDING,2026-08-04T14:00:00,synthetic
REC0027,EXPIRY_ACTION,SKU019,LOT0073,LOC01,,867,867,Projected surplus of 867 units before expiry; 23 days remaining.,PENDING,2026-08-04T13:00:00,synthetic
REC0028,REPLENISHMENT,SKU022,LOT0085,LOC01,LOC01,4960,4960,Projected shortage of 4960 units over the remaining 112-day horizon.,REJECTED,2026-08-04T12:00:00,synthetic
REC0029,REPLENISHMENT,SKU022,LOT0086,LOC01,LOC01,5811,5811,Projected shortage of 5811 units over the remaining 133-day horizon.,PENDING,2026-08-04T11:00:00,synthetic
REC0030,REPLENISHMENT,SKU022,LOT0087,LOC01,LOC01,7487,5989,Projected shortage of 7487 units over the remaining 171-day horizon.,APPROVED,2026-08-04T10:00:00,synthetic
REC0031,REPLENISHMENT,SKU022,LOT0088,LOC01,LOC01,4985,3988,Projected shortage of 4985 units over the remaining 114-day horizon.,APPROVED,2026-08-04T09:00:00,synthetic
REC0032,EXPIRY_ACTION,SKU023,LOT0090,LOC01,,431,431,Projected surplus of 431 units before expiry; 24 days remaining.,PENDING,2026-08-04T08:00:00,synthetic
REC0033,REPLENISHMENT,SKU026,LOT0101,LOC01,LOC01,3200,3200,Projected shortage of 3200 units over the remaining 102-day horizon.,PENDING,2026-08-04T07:00:00,synthetic
REC0034,REPLENISHMENT,SKU026,LOT0102,LOC01,LOC01,4864,4864,Projected shortage of 4864 units over the remaining 157-day horizon.,PENDING,2026-08-04T06:00:00,synthetic
REC0035,REPLENISHMENT,SKU026,LOT0103,LOC01,LOC01,2814,2814,Projected shortage of 2814 units over the remaining 94-day horizon.,PENDING,2026-08-04T05:00:00,synthetic
REC0036,REPLENISHMENT,SKU026,LOT0104,LOC01,LOC01,5533,4426,Projected shortage of 5533 units over the remaining 177-day horizon.,APPROVED,2026-08-04T04:00:00,synthetic
REC0037,REPLENISHMENT,SKU030,LOT0117,LOC01,LOC01,8174,8174,Projected shortage of 8174 units over the remaining 139-day horizon.,REJECTED,2026-08-04T03:00:00,synthetic
REC0038,REPLENISHMENT,SKU030,LOT0118,LOC01,LOC01,7298,5838,Projected shortage of 7298 units over the remaining 124-day horizon.,APPROVED,2026-08-04T02:00:00,synthetic
REC0039,REPLENISHMENT,SKU030,LOT0119,LOC01,LOC01,6559,6559,Projected shortage of 6559 units over the remaining 112-day horizon.,PENDING,2026-08-04T01:00:00,synthetic
REC0040,REPLENISHMENT,SKU030,LOT0120,LOC01,LOC01,9710,9710,Projected shortage of 9710 units over the remaining 160-day horizon.,PENDING,2026-08-04T00:00:00,synthetic
